-0.30158346239477396,1.2255678048823029,4.908212721227422
-3.594388885074295,-11.81790462584002,18.00212458971896
-3.5990327869914474,-11.82675740608247,17.97584710689188
-3.598481142220553,-11.836434434945694,17.946475228230945
-3.598795495044906,-11.824679246949962,17.9821312788077
-3.5734043325134555,-11.82203713794006,17.986538692772523
-3.5690910253161565,-11.827424628480802,17.969542572858035
-3.553447643402033,-11.832103105650749,17.953138374970948
-3.564429616467096,-11.832478250742424,17.95356245111997
-3.5359992125374267,-11.828572863677984,17.96136291516814
-3.5445532092102807,-11.827952583134172,17.964455148795018
-3.5216018805094063,-11.827817636744582,17.96162221924692
-3.518769620265812,-11.83244620857993,17.94720301759052
-3.499795738398097,-11.8361327293911,17.933418225603823
-3.4996784729696806,-11.842302392404523,17.914908732769316
-3.50005711371312,-11.794377380199727,18.05988966040169
-3.467912365114317,-11.80020075952401,18.03789247494498
-3.4974283311562617,-11.806882765872865,18.021848578901764
-3.453492532097735,-11.798055610321457,18.042326445787648
-3.461206214402337,-11.797773164983369,18.044252934847698
-3.4510366146638995,-11.793447908998926,18.05577892793068
-3.434991990108975,-11.803057307917618,18.024687111362066
-3.4285990361124283,-11.802973262087901,18.024053240372886
-3.4396481700497685,-11.807887588110745,18.010721698324556
-3.4298727720556785,-11.816501967399374,17.983206631671226
-3.42381200331729,-11.811348338352976,17.99802801417161
-3.4061385114910085,-11.820502245605452,17.967770729930066
-3.3873793336376554,-11.82359105508774,17.955812978032387
-3.391201779036783,-11.81501882114447,17.982386553985936
-3.3906586130289367,-11.822273196033196,17.96026474021057
-3.384919188849163,-11.826997800800012,17.945138922630974
-3.3986114207585354,-11.834278643049759,17.924995796483863
-3.3865114313992684,-11.83023870591772,17.935540923254763
-3.3695796847017494,-11.839791983894532,17.904480970304736
-3.3950323877087807,-11.848801777355831,17.881199510516616
-3.377729202469346,-11.841425624371034,17.900707466975803
-3.3895867178193306,-11.848554705055424,17.88118473528108
-3.3779095357889326,-11.854234914027614,17.862990061215548
-3.369157998785378,-11.860788646538271,17.842961728168014
-3.369204814964907,-11.866074124455912,17.828061851364367
-3.344623845580501,-11.863608929810574,17.831668957753248
-3.375428396144418,-11.867695665222122,17.82438716324876
-3.359960513289554,-11.866424456632226,17.825837451684457
-3.3512723559280873,-11.875188385047943,17.800664793152098
-3.346300512158779,-11.873158565221814,17.80547559243995
-3.3371743379533307,-11.876810719196214,17.79443704609561
-3.335051606504714,-11.885617006809913,17.771232304790065
-3.3164486310957013,-11.88431442337343,17.772075852032096
-3.337271839289462,-11.879425420048644,17.787529845745997
-3.3283788301004114,-11.879960021355654,17.7849398140612
-3.318059374107981,-11.877377510408403,17.790380276671243
-3.335906740368811,-11.879938167161306,17.786001433510098
-3.284233078279068,-11.880755525839048,17.77700712188048
-3.270434651705438,-11.885722123540472,17.762416414540404
-3.2833185144048196,-11.880327864156568,17.778003459687348
-3.289812266889495,-11.871348091471008,17.802879465340105
-3.278834076456261,-11.86291740408167,17.8248539976427
-3.256115852023942,-11.87034234248567,17.801192184278552
-3.2860925087821684,-11.868672783256041,17.809736776407902
-3.275925677607303,-11.86579549842514,17.816386893557258
-3.2699374784296396,-11.866908710100686,17.812494030790678
-3.2784571579075434,-11.867141999059822,17.81296927978395
-3.270142247378828,-11.874038387935142,17.792980227376372
-3.2662691367394308,-11.873584455493836,17.79369680991312
-3.267276822105052,-11.881788382316007,17.772089816546735
-3.25141012622975,-11.882645941558291,17.767792760749636
-3.2438342911936364,-11.883410384764424,17.76483509350446
-3.2428957524895683,-11.884930660172827,17.760824323776706
-3.243831336053556,-11.885371553604488,17.75982519296677
-3.242304454990664,-11.87139874747954,17.796492669113807
-3.2436302754562365,-11.8621340356837,17.8224346149152
-3.247996014668608,-11.865653230573514,17.813110171231205
-3.2529157746792787,-11.874194559333844,17.79029720326052
-3.230972471702845,-11.872138127775395,17.7929984135459
-3.233057401520202,-11.871842692722565,17.79407451489497
-3.2074479495733987,-11.873707331875337,17.785688076341316
-3.2114383769105204,-11.873046494906301,17.78799261425281
-3.179196064285935,-11.873573811438398,17.782401901469864
-3.1811149400030274,-11.863619867619127,17.810114810910598
-3.1556603516242476,-11.86974821848096,17.789804421131866
-3.1576737545337537,-11.872368769512974,17.782904871596617
-3.150208835022059,-11.868813479302913,17.791679550822497
-3.1257482389244258,-11.86736681047594,17.792562956791528
-3.1439313350524762,-11.870753443499558,17.785551391245814
-3.121166998215486,-11.877768099023957,17.76378318098213
-3.109139378061519,-11.887654354523399,17.736809656017304
-3.124055345174857,-11.888746604504991,17.735969490769236
-3.1319348547235135,-11.893592027763367,17.725126460443654
-3.1230078093777416,-11.878184444082432,17.762915980759256
-3.112563233301044,-11.884777296450917,17.744499206165585
-3.1158667074935518,-11.890033042004793,17.731754968534847
-3.0936551397712906,-11.890029442643277,17.728971984194562
-3.108080558697693,-11.898555103014218,17.71041439217346
-3.073825562731363,-11.906099521410646,17.689226675531867
-3.0712700121686796,-11.904471389960959,17.69246386068793
-3.102776342877187,-11.908168160107447,17.688396314204738
-3.0284218235826126,-11.901256304816338,17.69434230266219
-3.1048127826885326,-11.910558678868687,17.683629353639088
-3.1028170537599364,-11.918897085287604,17.6668291765788
-3.097416260577739,-11.920060393125745,17.663970642532725
-3.076709571264219,-11.919063513358118,17.663266640053667
-3.0789782809442845,-11.927276945943008,17.648843141175647
-3.056766875656322,-11.924548943052063,17.650804216262785
-3.0761617185547956,-11.934647982306773,17.636711828150286
-3.0531001718924387,-11.937001950764092,17.630405113211317
-3.033890736075119,-11.935134172341781,17.630791799103253
-3.0174692643177705,-11.943167533343653,17.6176820377351
-3.022650682053064,-11.94992298420518,17.610340946897725
-3.021121284100228,-11.95438263345742,17.60560642627434
-2.999098643574399,-11.95903305564308,17.59882458352377
-3.0146474722889263,-11.958434152207333,17.601194547242557
-3.0036495205620315,-11.95565028647426,17.60230745330988
-2.982413051361219,-11.9625979259517,17.5941004460305
-2.975989820987453,-11.967930068382987,17.589982999818346
-2.9671564431092716,-11.968449302993243,17.588650940659683
-2.945998667699752,-11.971340691910584,17.584738994030882
-2.94110124195926,-11.982625070058267,17.58120327400125
-2.935208941190505,-11.973157861435313,17.582718296470674
-2.9503526442358283,-11.947461976986371,17.604405831706035
-2.9566178870620217,-11.95401171097997,17.59821546781996
-2.9426923249755066,-11.960824298460496,17.59067805645269
-2.954167224466802,-11.969789924991776,17.58642558621411
-2.960046238903889,-11.971490458592301,17.586337375493375
-2.925741623705254,-11.966808925797226,17.584660842005068
-2.958606838516426,-11.96239238424459,17.591407525597393
-2.911509611431976,-11.961274188966485,17.58666399434978
-2.941954620783218,-11.967334275897587,17.58627215819075
-2.9646127405413436,-11.965038745137859,17.59033525563491
-2.930728892495391,-11.966211191024627,17.585600013938794
-2.9305047172121714,-11.975431555139362,17.58137568640622
-2.934172630973627,-11.982042828304689,17.580441740969484
-2.9229976482270295,-11.988438760857093,17.579140188928687
-2.9257927138777458,-11.987039426662957,17.57935287028543
-2.9135007263813177,-11.980073480051939,17.578279597635564
-2.8998396654683174,-11.982592003890309,17.576375839203582
-2.8853363157459544,-11.985610510837283,17.574588680402773
-2.883396224884783,-11.985092421863225,17.574360980999
-2.873454392775894,-11.983067701719696,17.573281961502005
-2.864209069474601,-11.982721318909896,17.572241098024534
-2.8640734779648493,-11.986349894842128,17.57215407627309
-2.8419642847473745,-11.980391585559113,17.569955097255356
-2.850426204293036,-11.981797990011977,17.570742567772406
-2.829092462931295,-11.98125125508755,17.568366567904324
-2.8242956305900595,-11.989606983617408,17.567904756799695
-2.8057529368856926,-11.983642459027463,17.56551220209341
-2.7886186479870236,-11.98487642410909,17.563546295238172
-2.7929291696031586,-11.985920806669158,17.5640416893369
-2.7877430636156357,-11.982673998987297,17.56354077526962
-2.7760244574793624,-11.984990566840857,17.562131842680195
-2.7610053234756933,-11.984700897161378,17.560455029106897
-2.746838243093808,-11.981272587217385,17.559106312589666
-2.753843511613087,-11.982337788888247,17.55977433421879
-2.7573381655267446,-11.987929757025553,17.56017584398109
-2.7503446350921883,-11.98273429987253,17.55935287545966
-2.7365834917617042,-11.980983634323339,17.558004958852305
-2.7231631808308894,-11.982629489332895,17.55635097135892
-2.7199193139537248,-11.983993371217505,17.555917883870684
-2.7130844761431225,-11.986037715859704,17.555164870470996
-2.69301882066764,-11.985441652003203,17.552954472313733
-2.6957564076269054,-11.980994017319748,17.553510520337905
-2.682127057136969,-11.980168603972992,17.552140669149136
-2.6807982432958677,-11.98463899888796,17.551622676797024
-2.666721890470945,-11.986528778260102,17.55013122329443
-2.6644639962725347,-11.983925964317743,17.54986790541957
-2.6570712649589407,-11.983823926635079,17.549072929708164
-2.646096932226792,-11.987771999866228,17.547994135939128
-2.648632838141639,-11.98585025990381,17.54815391904809
-2.637553827131633,-11.983859983067951,17.546972398230498
-2.641946183189284,-11.97712137500289,17.548411410948454
-2.626958619316574,-11.979423068184397,17.546311538171427
-2.6144109946419487,-11.987046100429717,17.544551092315054
-2.5957496266486126,-11.986825994127422,17.54255930886174
-2.58248807906406,-11.985867210731367,17.54111797680126
-2.5624536294839344,-11.979523738245472,17.539470419892062
-2.5599371234956196,-11.986103499366429,17.53876281130521
-2.5489286102075126,-11.981837284523056,17.53774510657372
-2.543373862160369,-11.98488179445266,17.537015975511245
-2.5312961522419934,-11.983166424629736,17.53581311124569
-2.522030825577676,-11.983996544510584,17.534821410466257
-2.5112097341241313,-11.98296987742185,17.533754524618043
-2.502190822958946,-11.98491770183667,17.53277108346411
-2.502529907196294,-11.987699354186184,17.532933284892668
-2.4892290172982023,-11.985131597665598,17.531448797235726
-2.4817066555703056,-11.988345571118401,17.530876950837317
-2.4711260786443012,-11.98347066554706,17.52964074731123
-2.4495102661242703,-11.983847227061627,17.527446682921124
-2.447916551649104,-11.982544664146838,17.52735555911768
-2.42957722752355,-11.983250521502917,17.525476516091125
-2.417907362391706,-11.982563888053402,17.52435750244737
-2.4015957611030894,-11.986847735764453,17.52272779499503
-2.3831978600961152,-11.984013035423116,17.52086239154442
-2.3768426212132905,-11.985408642294344,17.520236446265294
-2.3563506977027275,-11.98629915009252,17.518272015874448
-2.342336077517829,-11.982836277503512,17.51693969421959
-2.331272690375335,-11.985370844171841,17.515820231117903
-2.333413173651788,-11.980532496578519,17.516307512273187
-2.319628913039341,-11.986252408768044,17.514734146735538
-2.3125791039713652,-11.978856621056321,17.514581771430677
-2.3008876405470065,-11.977886657856862,17.51366532059393
-2.2900204471172754,-11.98531499980948,17.511888452209554
-2.2805919254128812,-11.978762211098791,17.511564168880664
-2.261308952588587,-11.984042645010621,17.509191872044955
-2.2460368697624644,-11.983085077402638,17.507804027294622
-2.2281923412065945,-11.987775601805179,17.50626203512704
-2.222178179335314,-11.982850387981152,17.505610855478132
-2.21020746375434,-11.982565085839006,17.504530076870974
-2.197863399102352,-11.97767028738511,17.504116628540622
-2.1954397679679087,-11.98579170620301,17.50312986963779
-2.17673592862673,-11.983941352576942,17.501423475093112
-2.165395158303435,-11.982456623518367,17.500471622642742
-2.1648495094431555,-11.983974266457365,17.500352224029566
-2.1536113762576123,-11.98293194723315,17.499385195759373
-2.145582204060628,-11.980347272497594,17.498917458586952
-2.1356304506491863,-11.98472012559184,17.497736431805052
-2.1440714837214903,-11.983301218759728,17.49851563838133
-2.1306547169247634,-11.986350453505286,17.49734236392775
-2.129657774893566,-11.98453906048787,17.497207330832893
-2.1174986092490133,-11.985595120296342,17.496148956946723
-2.0967859952221617,-11.980890130654437,17.49454195205711
-2.0776956933783364,-11.983127576129041,17.492696004677583
-2.0668556197430004,-11.987808589963239,17.4918906396493
-2.0516975572938096,-11.98209051067009,17.49052534507449
-2.032238958396483,-11.980392656684849,17.489049481816114
-2.015137029420584,-11.985308425687247,17.487333360935146
-2.0020808593765826,-11.984181280254846,17.48623235981929
-1.9981169173074882,-11.9814290606277,17.486056237148347
-1.9951639309478928,-11.982364234051197,17.485730067177936
-1.9926214440073822,-11.984687804838172,17.485441288271208
-1.9762929730908951,-11.98302896304521,17.48412435605423
-1.9710522674978717,-11.983739614968648,17.483665416114736
-1.9595381430862475,-11.984228179692284,17.48271047345917
-1.938404558016919,-11.982703593650362,17.481039272059384
-1.9368167789559816,-11.983015280805988,17.48089380564615
-1.9183267657156107,-11.987681656044437,17.479525958696904
-1.906000354448334,-11.984752962472843,17.47837869632491
-1.8888032790250149,-11.987465546661982,17.47715147118835
-1.8882638358254922,-11.983314871974283,17.47699010904475
-1.8695663944398988,-11.987783195979421,17.475668510202755
-1.868232437567786,-11.986000372413539,17.475426338705375
-1.8512098700716164,-11.989347961777815,17.474442202473732
-1.8511147153493954,-11.982770018158474,17.47410075586572
-1.8442329177167271,-11.984312730175438,17.473520464137295
-1.8269850435387347,-11.981486832711374,17.472332686329782
-1.8385348220774909,-11.982080324816046,17.473171265376436
-1.8409917276958008,-11.983421435004558,17.473287073872456
-1.8508599826041614,-11.978581307632842,17.47459059109707
-1.840908126877621,-11.984612122401588,17.47326309994763
-1.8215505983936602,-11.98557950455229,17.47179373707691
-1.8024842370883565,-11.985575958108521,17.470341809125408
-1.8020493932091632,-11.984324911760625,17.470288956754338
-1.7921882998524237,-11.983266611034043,17.469565875278143
-1.7743360199639575,-11.985604959479526,17.46822580855674
-1.767215022442397,-11.983917648782947,17.467677616210512
-1.7535589990881275,-11.983302390095771,17.466681487831593
-1.7369725418393502,-11.970801473339082,17.468392332602825
-1.7712348452862354,-11.974020839841097,17.469703061234604
-1.7762181468913334,-11.97265458959154,17.470557545099222
-1.762297359737568,-11.97566141407936,17.468536335472322
-1.7402218331606132,-11.975917329553042,17.466834595747624
-1.7429646752658303,-11.978724458320057,17.466400516366797
-1.7429714696248997,-11.981748062120742,17.465996203621437
-1.7190687296469698,-11.97743275938089,17.464916077888372
-1.7057811290817337,-11.987184609624082,17.46330221897866
-1.71846253708005,-11.98727419656002,17.46422536906494
-1.6989159678039145,-11.98461165712214,17.462685874181666
-1.685020561423153,-11.98200309776933,17.461784794678348
-1.679519829663914,-11.98026898733805,17.461574685412216
-1.6780600078776482,-11.985094989915371,17.461206978346905
-1.670084815185983,-11.986098216122475,17.460682316432948
-1.6561597828497183,-11.98286814274964,17.459693946494177
-1.6393476224131884,-11.98139798588817,17.458628465201162
-1.6316823366843167,-11.984319510841733,17.45795679872065
-1.6128038888401355,-11.988168744412242,17.456894750057927
-1.601391116320156,-11.984340472449539,17.455885722375957
-1.6272334460192361,-11.975103439039076,17.459019432521533
-1.5953196773235687,-11.976988075568798,17.456341313041463
-1.5996813889127226,-11.983420840403987,17.455783898795975
-1.5958867710735651,-11.981287349909534,17.45566382092424
-1.5880152321467178,-11.979584831353268,17.45534607790026
-1.5967391354800202,-11.983436881152437,17.455584388777797
-1.5900347778480504,-11.982489150755564,17.45517428491755
-1.5851576799131002,-11.984500146005294,17.45479140653877
-1.5721586454892533,-11.983236221610559,17.45394171228519
-1.560773438618053,-11.983439432752775,17.453179595126922
-1.5408640679041858,-11.98398302140179,17.451860180084815
-1.5455028428416704,-11.982104264914513,17.45224102616682
-1.54042337065097,-11.985190588631657,17.451841463173135
-1.5230337618780327,-11.984612881289785,17.450701508697183
-1.5265870962594643,-11.986187426329115,17.450985837757518
-1.5350699858111336,-11.982623121885107,17.451526916223973
-1.5358816373208544,-11.986273009658316,17.451594276199724
-1.5195463954121813,-11.985238566244941,17.45048872202589
-1.507915363560897,-11.987571341241699,17.44989884258075
-1.5044390764134012,-11.986695425398636,17.44959736853596
-1.5087344939028853,-11.982471403442311,17.449834990130807
-1.48520530643873,-11.977156244148489,17.449101515398024
-1.4979046633536934,-11.984086019136,17.449090584290875
-1.4946116464072845,-11.985418487114355,17.448900509127174
-1.485149482579437,-11.982790263732884,17.44831888487308
-1.470579135152512,-11.983976092473593,17.447369497273513
-1.479478249514942,-11.983540353539855,17.447934553492534
-1.4679232783219784,-11.981261936258512,17.447349429638624
-1.4659721165942037,-11.983006060156027,17.4471071314681
-1.444968518533279,-11.979312923066304,17.446177047618203
-1.4383191579207786,-11.985831632115865,17.445412677054676
-1.4344148867041813,-11.983279924669755,17.44515179762718
-1.4213735842006288,-11.984913916890495,17.444350468270123
-1.4247005433193416,-11.985653777462417,17.44457570393427
-1.408297050059774,-11.980323994820923,17.44380611303877
-1.3919556511193525,-11.979316592887029,17.44297466649573
-1.3765089981374343,-11.976692112549193,17.442586825510084
-1.3664661078387883,-11.977523216751855,17.441810041138332
-1.3705294443364266,-11.97929029706864,17.441717480933516
-1.3628472957061615,-11.977692829247083,17.44156346055726
-1.3604401029087614,-11.983095031187387,17.440758010161154
-1.3517549638077628,-11.984372462632583,17.440235128419033
-1.331823563524523,-11.985681434515847,17.439128562253785
-1.339114083379974,-11.982908580186761,17.439538624179267
-1.329580200985075,-11.985753128745111,17.4390047538333
-1.3227238456346104,-11.9835091824876,17.4385887074849
-1.3196574759925723,-11.984222128153764,17.43840752252017
-1.3171174461999915,-11.988829155403641,17.438604279113886
-1.3103051115153366,-11.986180298256208,17.437944111893728
-1.291930610896089,-11.98567089715971,17.436896837952126
-1.2745179006271072,-11.985711087877847,17.43594544584765
-1.2909584651631312,-11.975661157346316,17.43797925623791
-1.272798106481788,-11.97598197940037,17.436898107406286
-1.2574486800213354,-11.972479569555711,17.437177802087653
-1.2693877866957348,-11.968031398151055,17.439786746805034
-1.2489097702782612,-11.971557920947657,17.43707558005705
-1.2731044133217082,-11.961807134938411,17.443759261820297
-1.2785855037439622,-11.957732264520585,17.44716270756711
-1.2648081097542316,-11.961676813377984,17.443399078268417
-1.266646144054831,-11.963981124758705,17.441956481012383
-1.2497989498544493,-11.971068704468182,17.43732289497108
-1.230451807156206,-11.96900300731648,17.437219837481923
-1.2396704194392085,-11.963813170110791,17.440613138551846
-1.2247316899453298,-11.967115846702347,17.437879094844355
-1.2413256446644672,-11.953622859243753,17.44877318855268
-1.2432337537640712,-11.943401576201415,17.460008658360756
-1.2554251722362832,-11.943841385720283,17.460125493144048
-1.247379505243153,-11.952575225101302,17.450100991852377
-1.2610253637912692,-11.952559455824069,17.450852442894444
-1.2517272683419296,-11.951932786286328,17.45096602245541
-1.2494506013346844,-11.957146768253281,17.446067391165865
-1.2603205330809588,-11.966977999869252,17.439849836242132
-1.258366627048236,-11.974507024006437,17.43653749243189
-1.2512685790937401,-11.979569319230489,17.435000075553713
-1.2418587881629362,-11.978275976863209,17.43471660453642
-1.2372714661085054,-11.984874064463641,17.433919188939615
-1.2389952322700999,-11.984773521253357,17.43400835480846
-1.2278948246012449,-11.981016562229472,17.43358028396459
-1.2205048218066812,-11.982317782347074,17.433088042069382
-1.2079236559337012,-11.98397202063583,17.432379267406805
-1.2194055755343296,-11.983569189710526,17.432980478775704
-1.1982793138735004,-11.979302371642536,17.43226418713689
-1.179555578443688,-11.984096299624055,17.430930378568515
-1.2157320248475305,-11.982152175006904,17.432849833106395
-1.2263317590998495,-11.986155172181299,17.433397607401805
-1.2191055145254366,-11.98271038175326,17.43299390777276
-1.2126428825850606,-11.984828092593217,17.4326291192986
-1.1953546529728927,-11.987189998824597,17.431877477910113
-1.2154063055687592,-11.984070805339126,17.432766317990527
-1.2176573416776961,-11.983455322743378,17.432891907377883
-1.2136937013501308,-11.98502080544362,17.4326881236671
-1.1998701782757422,-11.986909224572576,17.432082761179288
-1.1994507776061079,-11.981900445576741,17.43202631469209
-1.19921950301854,-11.982099997270836,17.432000465193774
-1.2005142686516053,-11.986876790525843,17.43211297771761
-1.1999027073895565,-11.983568180487476,17.43197179559275
-1.182847831812688,-11.985950146778473,17.43114673573826
-1.1889081275439828,-11.98577632403931,17.43144465113265
-1.183972355679144,-11.98740350553066,17.431320082347096
-1.1656744530261502,-11.983820948088528,17.430235857124043
-1.1576816343655816,-11.981329027179148,17.429966075366977
-1.1509422949026344,-11.983552851320697,17.429509623988373
-1.1650039256946192,-11.981973812468338,17.430278120674394
-1.1570941578294158,-11.984122359722376,17.42980739859721
-1.1495575533411473,-11.977407958286337,17.430165995090782
-1.1398885389301003,-11.980634439215052,17.42916129504678
-1.1320740251988182,-11.982232096772629,17.42864120430089
-1.1334971422026874,-11.987856542200303,17.428869159285902
-1.1168838111613886,-11.984527229559596,17.427851891515367
-1.1021188059984715,-11.981466664161989,17.427263645464667
-1.0984176017041327,-11.982512898780394,17.427016537071474
-1.0830472332332293,-11.985358756326594,17.42627828917093
-1.1048745766631334,-11.983770349391257,17.4272805705353
-1.117545175310225,-11.976507170791724,17.42881647154393
-1.1363657453702771,-11.974988671687885,17.430133226850064
-1.1214791655563756,-11.963987947429983,17.434506041135148
-1.1452775705489338,-11.960590271051029,17.437991225774084
-1.1147629501530907,-11.96301119639304,17.434815162160366
-1.1234064503526322,-11.96610043083782,17.433330938194924
-1.1034950893698268,-11.963556624620676,17.433920614574816
-1.108131935310085,-11.970401716562908,17.430440364790627
-1.1062856953544549,-11.97828209873055,17.427896609646073
-1.11821344728116,-11.97100508945993,17.43066572408538
-1.0742303595854907,-11.958130273492994,17.4364935486732
-1.0601605663122615,-11.967425760372995,17.429634552440362
-1.0397713889461015,-11.971453342598384,17.426843452869555
-1.0251017784047876,-11.980965360258692,17.423795469178785
-1.0064537741825919,-11.986905048715402,17.42294604938639
-0.9998309690598403,-11.983954366582898,17.422537205658816
-0.993467231674586,-11.98271012525073,17.422296325233596
-0.9985763055039575,-11.980828081862988,17.422656682393026
-0.9943132875673478,-11.970887921419914,17.42508518946199
-0.9902347990800632,-11.97463262512813,17.42356190256201
-0.9878225367958663,-11.981389108807768,17.422143657383106
-0.9923767622467137,-11.986207025502797,17.422287750283918
-0.9895860661845661,-11.986206716527219,17.422169022881036
-0.9676072543859489,-11.984677040071679,17.42118037687726
-0.9557000109972439,-11.983801161213766,17.420684826591767
-0.9618887447402821,-11.984281519949423,17.4209387186922
-0.9452516596647917,-11.986730674116393,17.4203669872666
-0.9456029565935029,-11.983066637611469,17.420288146928687
-0.9305658548348591,-11.983467904890407,17.419670907863367
-0.9315631494624548,-11.984013674524597,17.419704483840096
-0.9101252284413212,-11.981955122519269,17.418929055849915
-0.9066087916493422,-11.98227876775198,17.41877110271115
-0.8976287354249514,-11.98547613783505,17.41840036123892
-0.8792405522987252,-11.98304574774344,17.417684349987045
-0.8690910617168999,-11.983560211451243,17.417289549097298
-0.8585207030642784,-11.985392793561317,17.41691961304967
-0.8489232232095679,-11.984715614821747,17.41654587884164
-0.8535859551769687,-11.983553040467653,17.41671478985531
-0.8557857417105704,-11.980491724729058,17.416997627717212
-0.8396023886604241,-11.985335712132496,17.416225973496665
-0.8366910427506089,-11.98385120037476,17.41609640521963
-0.8184262346522889,-11.98250153742962,17.415484266421966
-0.814468346154318,-11.98635847380849,17.415389335601553
-0.8116752950218513,-11.982126420012197,17.415268304107332
-0.8069177634548403,-11.986149876937256,17.415111174441158
-0.7897249319357805,-11.981715350705183,17.414539029990983
-0.775737073938363,-11.986532263339017,17.414076503685802
-0.7686735926591798,-11.98299142466158,17.41376195372944
-0.7640786019666128,-11.979415589421974,17.413936862595513
-0.7706816992419779,-11.978757843552142,17.414259980008037
-0.7651427787146539,-11.983461675001294,17.413632635670766
-0.7554947195365102,-11.977036647645276,17.414098024707222
-0.783165481246543,-11.97198293488704,17.41655106063063
-0.7623740825406283,-11.97498212605946,17.41484987828065
-0.751515592858196,-11.969926920526179,17.416353883571794
-0.7432684222026735,-11.978023842044625,17.41349702794705
-0.7278861131309539,-11.984737560059859,17.41243525287964
-0.7289619594346739,-11.970287442987303,17.415472794956543
-0.735690998479259,-11.977856501978806,17.4132877166263
-0.7069836842338562,-11.98019753948551,17.41201812571694
-0.6972159131639644,-11.985541051269959,17.411520906367414
-0.6770571998367093,-11.983573108077964,17.41089087573156
-0.665251175346785,-11.98132746411486,17.410663128804362
-0.6647261432302192,-11.985240518180639,17.41055344931096
-0.6635247504035948,-11.97766873184823,17.411144101821826
-0.6914620852167724,-11.978321094857515,17.411836210217416
-0.6641135959397076,-11.969715586784282,17.413771700198776
-0.6753424798254861,-11.974811187577421,17.4121956623502
-0.6573855756036944,-11.973638702356244,17.412043601786763
-0.6557551408349543,-11.973219440707458,17.412138439261067
-0.6432792551303289,-11.980772204329247,17.410095215747
-0.6286971490248112,-11.96790436917449,17.413650218648936
-0.6134969062823808,-11.976769117321808,17.40995819926588
-0.6510186167689979,-11.971087757756457,17.412807196391416
-0.6310768692218706,-11.979326146801457,17.409943338541837
-0.6174186562350957,-11.98178638569311,17.40930156504781
-0.6119803439499817,-11.987006827704597,17.40921891027614
-0.6187548529612839,-11.9837465129909,17.40925790025835
-0.6060927836457274,-11.982107886141154,17.4089807535756
-0.6072201191983192,-11.981502015939903,17.40905341937342
-0.6022394964192069,-11.985106770000408,17.408839823818518
-0.5845900906901813,-11.976947207583567,17.40916833253547
-0.5955961203412159,-11.985980271666765,17.408710540364165
-0.5712053277622915,-11.982926664876274,17.408053731339905
-0.5596678388235166,-11.982591806715343,17.40778528483566
-0.5559613888058818,-11.983820866567537,17.4076638924227
-0.5395051665301441,-11.984581945815577,17.407278819711706
-0.5586142905289315,-11.985747722054354,17.40777505562296
-0.559967540821527,-11.982621875999019,17.407791176603112
-0.5390478262910626,-11.987331735419565,17.4074395142977
-0.5412014940637171,-11.985503786194592,17.407348781415227
-0.5392189797782347,-11.986058371411627,17.407333923313953
-0.5300431749620482,-11.982063690451895,17.40711596087301
-0.5144616331160077,-11.984218148470381,17.4067038625453
-0.49333394154440696,-11.98155081301228,17.40633964004253
-0.48885989445028905,-11.982995253773396,17.40616430809198
-0.4822039207257338,-11.983302063499567,17.40601607402396
-0.4908871141541757,-11.979730468951155,17.406483562554417
-0.5025711080571644,-11.975209726295423,17.407676966260965
-0.47508463731501327,-11.97214935259194,17.40809795350268
-0.47668226050678714,-11.967292485777278,17.410322576212547
-0.4450007472094155,-11.964182189367701,17.411473816424593
-0.4468510849564343,-11.960019834770346,17.41435896461501
-0.41970193547662416,-11.950042004392007,17.422772611306225
-0.4388459964632063,-11.956673451184752,17.41687227670571
-0.41117577076656814,-11.952294054252551,17.420349757041585
-0.44285744924796816,-11.951506004328829,17.42171655484686
-0.40962259948253693,-11.950958703255736,17.42164940733596
-0.4243897965736694,-11.945230030186929,17.428190273883235
-0.42404959293780914,-11.948071716143739,17.424956387188324
-0.4336129756132147,-11.94585252874297,17.427636526784482
-0.38131739182164964,-11.938243255808473,17.43631658226927
-0.38202386044897213,-11.941301613145031,17.432275737557195
-0.37856149270897804,-11.946547033772793,17.42586324689333
-0.38335098103387355,-11.937282390575845,17.437675637482712
-0.3689507694006905,-11.943905054042105,17.428812030642877
-0.34102866764646095,-11.950311441628717,17.421188485180913
-0.3427266290853738,-11.958258002742648,17.41393257830715
-0.34478818190749805,-11.958775241468091,17.413553904665953
-0.31615382527001273,-11.96231816979357,17.410552349702495
-0.3094542431226007,-11.960738990907547,17.41156876578039
-0.3054831063630998,-11.968042631640554,17.407028482575335
-0.30398888913681804,-11.97796536497305,17.40355555387064
-0.2861913886317059,-11.983498101183203,17.402752756132735
-0.28548290407750826,-11.985417540234037,17.40277311181662
-0.2694331399630762,-11.98544772879918,17.402581711287404
-0.26797631502850056,-11.984745021129482,17.402539666166515
-0.26033288027159945,-11.982985219110258,17.402458858973176
-0.2574062833981596,-11.983219841630186,17.402419420969878
-0.23353065181523638,-11.983541180100282,17.402159326684263
-0.24364522755611767,-11.983128440584977,17.402272427592454
-0.23344798416830678,-11.983123277488621,17.402167175743248
-0.21390170670114536,-11.984923895839591,17.40198029596985
-0.22000629870919589,-11.98447242283727,17.40202725830878
-0.21436633417848577,-11.985480216001152,17.40200643140041
-0.19740698166191656,-11.983119840589342,17.401830838415286
-0.18828016377519893,-11.98467098660999,17.40175047158447
-0.17336819111835286,-11.984275779703157,17.40162736657083
-0.1823102038656369,-11.98456590896006,17.401700389681515
-0.15086481061764137,-11.981782192047676,17.401544914815847
-0.15843540437752457,-11.983782978509543,17.401519189849356
-0.17655124205397515,-11.979305361520955,17.401999025562166
-0.1513145257555887,-11.983827873733816,17.401471153795946
-0.14504651473369523,-11.985145311967926,17.40145249567604
-0.13482866124482898,-11.981105257691807,17.40150042649692
-0.12596134437713843,-11.973009473371777,17.403232887367174
-0.13704462652327565,-11.981105171684167,17.401513496419714
-0.11861524692270975,-11.98255109047516,17.401312018855567
-0.13452071586623862,-11.983502888474606,17.40137037265903
-0.13313860379392356,-11.985372573868364,17.401390103174094
-0.11691526428796425,-11.983819460102815,17.401271267179997
-0.1116709095775157,-11.983088015008244,17.401257495313153
-0.1139588299370378,-11.982743185923892,17.401280379665195
-0.10890119093470348,-11.984486581420052,17.401235875248794
-0.10122617955785318,-11.98568611646536,17.401243748302445
-0.10888083408353924,-11.984483274701043,17.40123572504489
-0.09667840259848237,-11.984631841932414,17.401184160162924
-0.10027515897527411,-11.985766263909165,17.401244105677566
-0.09226846916601136,-11.983427730172398,17.401163943546397
-0.07484253207920193,-11.983801990253843,17.401096532350703
-0.06399915617657899,-11.98430726921185,17.401065226851706
-0.04128659759648218,-11.984080013146151,17.401011801094693
-0.07805136598413884,-11.983671681792469,17.40110815253556
-0.08196537750074714,-11.984141935843502,17.4011207191233
-0.06860143421916365,-11.98373333286726,17.401077584218992
-0.058767010953743745,-11.983524247489397,17.401052746105666
-0.04148804945638476,-11.983488158383398,17.401015742372795
-0.048180525947828574,-11.97778838065452,17.40163590157564
-0.04652672247495576,-11.983147072589484,17.40103251531127
-0.05315691553056314,-11.984740665664424,17.40104536218015
-0.04026845585089251,-11.984468448588153,17.401013756705755
-0.030628477449063954,-11.98455044994363,17.401000359427023
-0.028092033923604338,-11.984455831572406,17.40099552231447
-0.016026497664862124,-11.98379326323745,17.40098075884331
-0.013071793853306028,-11.983575398521491,17.40098090836353
0.0005344105209216451,-11.983827426803757,17.4009750210515
-0.00562677155016065,-11.98416049050865,17.40097592971572
0.011680435941088196,-11.98371768584707,17.40097867513962
0.02374053315492272,-11.983746126806357,17.400987713557676
0.017379183217416702,-11.983382630657863,17.40098680019327
-0.003634435329587014,-11.979783409873482,17.401255607128174
-0.0013088850001811998,-11.978284647602116,17.401491619548935
0.028481243457644433,-11.979786574773017,17.40127249273819
0.00866797296330258,-11.984107952679034,17.400976599433196
0.024649298007133603,-11.978211367046454,17.401518147048282
0.03540612709941268,-11.974140152493485,17.402542323674286
0.036048160344361514,-11.971428580500644,17.403505263103
0.0453995295707129,-11.97893256190698,17.401425406580973
0.06579365814803094,-11.969534689700223,17.404379056490214
0.042355488990432774,-11.977432331233278,17.40169666893364
0.03525917164981291,-11.982408723712426,17.40104079673373
0.053480559848248226,-11.984819955816487,17.40104816353673
0.10508279924513698,-11.9641123741446,17.407451043741876
0.10479301966028214,-11.95273143696598,17.416479113305787
0.1377290954883203,-11.952559888754033,17.416818760372323
0.12353399020852447,-11.950917528429992,17.41836389034992
0.13597932110307664,-11.959871570451643,17.410526339167234
0.14477606450440283,-11.952201175016809,17.417210712359612
0.16371637073112572,-11.936698977090412,17.435862587963143
0.1886323482519939,-11.927936070091084,17.44937600227552
0.1957244175276711,-11.930611849413246,17.445160261078396
0.1825411992915898,-11.934941007297013,17.438518920211944
0.19536565257934774,-11.934184328839176,17.439731924241272
0.19585742643568582,-11.92946494026109,17.446972038291488
0.21857521882280626,-11.937829640074627,17.434748134473704
0.20733422142453412,-11.945092459633008,17.425357815346867
0.22854794668033637,-11.931241266883438,17.444485987709523
0.22410058002453218,-11.933639749728604,17.440801799822324
0.21688605246599682,-11.933559515646188,17.440851474128657
0.25468925164779566,-11.924363001082089,17.45600423177467
0.25670561546692544,-11.908238383331332,17.486725693936208
0.2635611900850191,-11.901381776384074,17.501536818284663
0.2560873428918413,-11.905245789526957,17.493033753121985
0.27749368607764985,-11.901506005944679,17.501428000052876
0.28444613297004173,-11.90419577040942,17.495630167177417
0.2820400417735792,-11.912356674291654,17.478638847874937
0.31716266703326174,-11.910235831663007,17.483376909856613
0.31243604287039406,-11.9137889684271,17.4762041147213
0.2916260497388422,-11.920476774389385,17.463306700334332
0.29889936032006437,-11.914154610908586,17.47530620284565
0.33235951287671844,-11.906370003039479,17.4916290804597
0.342714365324936,-11.913040195479986,17.478115611681737
0.3190392248658455,-11.918646608458362,17.467027486649183
0.3351620628382071,-11.928699280666184,17.44982116134287
0.318191062230616,-11.933109657166057,17.44271124668921
0.32905231118667794,-11.940521196315526,17.43246255054932
0.33146473384462216,-11.939358267197383,17.434032995090963
0.3422511570621274,-11.942154863348694,17.43056095170474
0.33323428467148836,-11.94461733872769,17.427407928949116
0.36175165216671223,-11.942456281466871,17.430482272072982
0.35872225503902805,-11.949319944235027,17.422495513031382
0.37117055191891185,-11.954770789837925,17.41734285902
0.3775845162593751,-11.945289677816906,17.427300883813235
0.38772292254958224,-11.937117887076452,17.43797867771807
0.3898503908421836,-11.942205594778057,17.431258390732232
0.39067666406743146,-11.947614381730085,17.424867340627838
0.4256059276568695,-11.937143431010186,17.4386167509457
0.38711586330784403,-11.936919487961564,17.438245912617408
0.39781156984390614,-11.931722471432291,17.446066279904837
0.42693248516181403,-11.936671929189467,17.4393024765883
0.44861073708394467,-11.918030095752325,17.470358966541475
0.4325165233830914,-11.925392452995291,17.45692791328436
0.4479771367949426,-11.929629549935925,17.45026709390738
0.47439563588704836,-11.926636100846807,17.455671635396904
0.4806799808354109,-11.926849899932275,17.455447849574977
0.48760256068780944,-11.923096861229277,17.461992540489284
0.4790254863514557,-11.92176333398558,17.46416538202321
0.4658576872199766,-11.92846436988795,17.45249435071415
0.4892562636639915,-11.91953855367843,17.468403949331293
0.5049399710190474,-11.922102169725111,17.464122170446544
0.4961564032873131,-11.919903347590006,17.467885830394042
0.5153793456405392,-11.918646563864312,17.470624249078757
0.5145620117872013,-11.916960778499488,17.47376362579963
0.5407434485224066,-11.922977053509094,17.46339998534482
0.531944855663459,-11.917957851358226,17.47228717422116
0.5259752294095223,-11.922629887238147,17.463664798229015
0.5351776753645381,-11.927329613098411,17.455866991491906
0.5651051799324331,-11.934527852523608,17.445378714045376
0.5564954147697417,-11.933067271581388,17.447335190683336
0.5517904848232855,-11.939262167965065,17.438413091631666
0.5870795630919737,-11.939871590002443,17.438478599891415
0.5797993123601181,-11.937759235349953,17.44114875561511
0.572755022966302,-11.936767679795159,17.442352947798216
0.5826982581568872,-11.92921268648701,17.45397064847957
0.5717037559696463,-11.93243568123551,17.448664554238892
0.5626112839672704,-11.939782073404642,17.437983380892707
0.5676653853524466,-11.9418932623975,17.435369459266006
0.5942087723361318,-11.94272417766508,17.43499736120629
0.5839989776653227,-11.947957241341939,17.428595953706004
0.5989246255368915,-11.947152173640209,17.429875057343093
0.5862891695066345,-11.941933554976714,17.435787055200144
0.6040348006226112,-11.951838843193839,17.42505954719761
0.5894645994761948,-11.95056607005885,17.425963131765826
0.5879769251937966,-11.955316181676464,17.421380281879284
0.5903276997292403,-11.964122826883106,17.414777578565623
0.6089957220456551,-11.95430183184566,17.422842657509452
0.6014662674418639,-11.957732384288684,17.41967045041699
0.5778276077355247,-11.964119914667682,17.41446255790856
0.5924490651651274,-11.961127587768715,17.41683721903396
0.6101221134909418,-11.966933547591326,17.413659471765374
0.605199101420584,-11.969172408105806,17.41240226710795
0.6279101772420097,-11.950242467562205,17.427314898500775
0.6357184722088266,-11.956669444092551,17.421475511632824
0.6491330524533976,-11.95855679376051,17.420302084259173
0.6611133739817877,-11.9620782230841,17.418039001763496
0.6615304464451026,-11.970617361359764,17.413302103319342
0.6898534149606702,-11.972778337390627,17.413285494685514
0.6713968974701119,-11.975824694621842,17.411799605187717
0.684222042907494,-11.96615509233903,17.4161662923377
0.6741893948498171,-11.971546372827142,17.413287073207012
0.7058430543285785,-11.961470376567448,17.419787766183255
0.7345326528698196,-11.954875870000105,17.425984221367685
0.7223273773165411,-11.957285641683265,17.423511732649015
0.7219583028391925,-11.959342937218027,17.42185487842128
0.7240524741262188,-11.954407737837172,17.426077590349283
0.7296787275467058,-11.950687397378497,17.42986067445015
0.7190557944844468,-11.951878614677115,17.428328331513114
0.7224135952233327,-11.9557522666594,17.424822349994525
0.7559218645002684,-11.961461534355767,17.42138044755364
0.7431600288301697,-11.961805025665088,17.420725347460543
0.7291818479099302,-11.969853172106667,17.41567166801869
0.7233221172774201,-11.973502498166633,17.414057559982222
0.7239960249443529,-11.971552543090654,17.414791056019368
0.718560781981795,-11.978189853366926,17.412685708492717
0.7302209287229915,-11.979535906405651,17.412827474559784
0.7129802537849164,-11.983270149442829,17.41197429984845
0.7179218788305287,-11.98319050204474,17.41212891846097
0.7219179556146255,-11.974891962504477,17.413578785027475
0.7250388636253764,-11.980868623040147,17.412500725380813
0.7454302649758745,-11.985077864862975,17.413001759300148
0.7581233385880467,-11.985875301454213,17.413449329708932
0.7728320778091428,-11.98577566457912,17.41392880596451
0.7636301265284408,-11.980328952257983,17.4137998538547
0.7853895545145485,-11.985621493067587,17.414342190464282
0.7952529642870638,-11.986224808727851,17.414713891365338
0.7977426823205302,-11.984841775428498,17.4147342636867
0.7942969083972263,-11.982150698418257,17.414665381254384
0.7982536350795988,-11.986074943861453,17.414806830429924
0.804138495903461,-11.98520712106721,17.41496610127131
0.8083854235685419,-11.986067864741193,17.415156845626857
0.8324719412578258,-11.982132967265782,17.416004510810158
0.8208622196223574,-11.985596922829275,17.41556784817251
0.8197187863034183,-11.984543778810178,17.415493796761503
0.8465550479572254,-11.97816824263194,17.417011613974093
0.8395501140574911,-11.966430569265498,17.42113366590055
0.8341841799346716,-11.968367188898842,17.41992209875874
0.8555047368630754,-11.967151578722984,17.421325679668197
0.8734565242892118,-11.969571989290413,17.420795625730808
0.8570104674831951,-11.963390980907713,17.42360313368628
0.8637314033880817,-11.97265104802325,17.41916665797494
0.8840122386626886,-11.982122546292372,17.417909939968833
0.8943771446519518,-11.975719032173508,17.419363246457483
0.8868085280433284,-11.98238383157877,17.418001128965088
0.9266174870869133,-11.982879900103432,17.419530749992386
0.9306496927584509,-11.985446902438996,17.41969675262998
0.933673126331995,-11.984406175385228,17.4197904101485
0.9281802641623641,-11.985389091018586,17.419595670878245
0.9412403840664761,-11.98483243039809,17.420102341136374
0.9380872056609938,-11.982895665643735,17.419989979242985
0.9405537717882531,-11.984151288780849,17.420066149239986
0.9277054056734765,-11.98257074390305,17.419587766355335
0.9411431629350396,-11.985800131445282,17.420135993457205
0.9530268764286289,-11.983918953768443,17.420574247454518
0.964846894170622,-11.9862655225629,17.42113506871032
0.9740468165441403,-11.983524725472089,17.42144946085998
0.9969184711342665,-11.980125081699807,17.422667546660794
0.9969173787394526,-11.97927893177606,17.42278699345044
1.0130294300615776,-11.98147789351642,17.42321941443403
1.0218059585965227,-11.981393007687293,17.42361023166342
1.0136631760187433,-11.975765599792357,17.42425020448163
1.0257574670179734,-11.976591565776616,17.424571405572703
1.0288182077370571,-11.978436853727324,17.424317270079577
1.0321286703227075,-11.969759721076116,17.427227442283996
1.0457740364922197,-11.971618549572304,17.427046821699
1.051813852714839,-11.981545330316292,17.424932956855244
1.0731705115269854,-11.979697440068701,17.42611487870828
1.0831919884588554,-11.977705756749492,17.426924853474986
1.1018877165904255,-11.981542604542335,17.42724628469534
1.102311070996801,-11.985428777055349,17.427182967075623
1.0957622907031315,-11.982905708923935,17.426873478724758
1.0982402870152133,-11.98562197985826,17.42699959315656
1.1063991115312077,-11.981872214477043,17.427434005927083
1.0966737516783165,-11.98074465972837,17.427077362224498
1.1156676687463174,-11.977210565682034,17.42856289626972
1.0977364858007044,-11.978456020369194,17.427460268393606
1.0990928335930206,-11.984432229036466,17.4270064003681
1.1105015107430503,-11.98219965857221,17.427606683975178
1.12580341181252,-11.98317474455107,17.428293815027203
1.1332856014673582,-11.98309405632317,17.428658502651142
1.1386303597060017,-11.986314697384369,17.42897406055736
1.1325310889771192,-11.985537555767223,17.42863368415685
1.129787702809552,-11.986687411572785,17.42857276742313
1.1243916599545611,-11.982478794143535,17.428255561921702
1.1189062175503914,-11.985754348747431,17.42798731708425
1.1285538503620758,-11.98415463549085,17.42841092625046
1.1347831248166023,-11.980337998671457,17.42894734927258
1.1435255968756954,-11.984461292466149,17.429140591812484
1.1445428381371294,-11.982646061396226,17.429226249695375
1.1482244970905577,-11.981412515798585,17.429491575262908
1.143041917330118,-11.98289541268954,17.429141554634292
1.1663711967179535,-11.981768203694374,17.43036153700163
1.1823031225893628,-11.967455100438093,17.43550688211654
1.185116631013805,-11.972455740435983,17.433401295784
1.1929150126269068,-11.96800852680346,17.43576091833234
1.159984469234476,-11.95896803229349,17.439953581882467
1.1739784258278072,-11.959405758224895,17.44031583975242
1.1889881383907033,-11.955323928166184,17.44447548335793
1.2032312990026532,-11.955521275335926,17.445033146919997
1.2420929456455618,-11.952224630680869,17.450160928501482
1.2375182134984044,-11.96031999740517,17.44291618642009
1.237048705122432,-11.96542342447909,17.439484101904018
1.269333203097338,-11.970337931404359,17.438689043391296
1.2576939825061693,-11.962961148421748,17.442134611527845
1.2627601961884631,-11.969742316072809,17.43859950128427
1.259644885831511,-11.9758913576277,17.4362095902042
1.280097975034731,-11.975576653243046,17.437405433580462
1.2819945065700435,-11.970739066251557,17.43920701148177
1.2921648894785889,-11.964701050517617,17.44290723124615
1.2778110415418622,-11.964780865146315,17.442067864601032
1.2972889871778885,-11.975688456343489,17.438322039736878
1.3179442368703882,-11.979832994218452,17.438620945390714
1.308693343866615,-11.981770511469806,17.437889908374117
1.330440972228533,-11.980793685251848,17.439206625909353
1.3447179446555662,-11.981576753375123,17.439944533982462
1.3322261282871466,-11.98170152597595,17.43922112696588
1.3251950128911982,-11.985399870774708,17.438741482411142
1.3371166648273345,-11.981249296229798,17.439539523690815
1.3435309049743218,-11.987207725392656,17.439903764361365
1.3409226836590085,-11.981742976955138,17.439713482892394
1.3532129643554787,-11.983594213996549,17.4403257248403
1.3677239532186638,-11.975427902254742,17.442402398321462
1.377254800624213,-11.972546113366262,17.443900542176017
1.4028621686063694,-11.978788117952647,17.44371197601606
1.4256408914993508,-11.975106513726061,17.445943735022425
1.4336416626581912,-11.983102922060063,17.44511082336895
1.4229184490512117,-11.976231140871533,17.445470463397722
1.4328488525468845,-11.9770204911544,17.445882010121565
1.4392404225934288,-11.981172866045965,17.445585350299897
1.449776535150594,-11.976489778680262,17.447048119231468
1.449079835966694,-11.976386577191299,17.44703092916388
1.4591965437028547,-11.978401414272376,17.44721409914779
1.4733245726581652,-11.978737784407569,17.44803369664519
1.4830845936806862,-11.979244399860036,17.448561182669998
1.4661756171518927,-11.972961607170292,17.449138873380587
1.4797285588062357,-11.979463025541047,17.44831530534413
1.4768434852757482,-11.981586617138237,17.447877742654793
1.4865759154618707,-11.986350257238374,17.448439500908183
1.495303399078547,-11.982275491321927,17.44899068729732
1.4903671378525896,-11.97485260210233,17.45003676335362
1.4875579021545116,-11.984254444863184,17.448434246949912
1.49105830765562,-11.985911381042099,17.448696929114558
1.5094650441943656,-11.985698036602699,17.44985820488864
1.5011358228535379,-11.984399444677402,17.449295545641377
1.520764236517715,-11.984589147369844,17.45055481289454
1.5181822110945347,-11.982155667813494,17.450462080174177
1.5113176936306978,-11.981669175296556,17.4500581873781
1.5148429797636334,-11.980793788526206,17.45037099155637
1.5054340094793577,-11.982101976778358,17.449647810681228
1.4980188185861323,-11.979944292255677,17.449401766513287
1.4904302913462733,-11.984528293544427,17.448616570953767
1.496686916851903,-11.98306295039598,17.44903724037518
1.492371770897879,-11.978331271265633,17.44930925752711
1.4947687054751428,-11.98278711226303,17.448927645262465
1.4980868565221306,-11.982283321293068,17.44916707099365
1.5093389096180898,-11.982490036943926,17.44987260951527
1.5065644281753328,-11.98026055666385,17.44990452345753
1.5181988360546517,-11.981289222030899,17.45053511763142
1.521512975997756,-11.985082665744702,17.450611308909718
1.5273202796583052,-11.977646038397214,17.45168936390006
1.5383906655153246,-11.985044781796168,17.45170513684982
1.5302490426297286,-11.985318423199933,17.451183152720798
1.527129137802402,-11.983056641125586,17.4509906273197
1.5319329874520176,-11.984527404834516,17.451277224921924
1.5459369486430645,-11.981913054871839,17.45228368980969
1.546754138525574,-11.974476905677003,17.45379177916779
1.54425262573175,-11.969978511291556,17.455353013582158
1.5531399246864008,-11.960809086996596,17.461391900384776
1.607689644945784,-11.962599114177284,17.463793793418386
1.5715238501178086,-11.951007408916485,17.471238653748436
1.5835917153651813,-11.947930531483145,17.475334466573578
1.5660769070568479,-11.93905659880722,17.485109474602307
1.5610095162573256,-11.94277729409747,17.479914302803735
1.575229481523855,-11.932612261245959,17.495010963032772
1.5657509467937039,-11.94045399410883,17.483219633174333
1.5840884209773487,-11.93659797298955,17.48973729391823
1.582735129606443,-11.939137191411575,17.486122177362144
1.5899377124663427,-11.947728018097115,17.47598979291597
1.5770098569989188,-11.940823392518798,17.483491223015935
1.5730985566717557,-11.939991777401886,17.484324925794976
1.5723973903246207,-11.946678836690264,17.475992951492163
1.5745361405052227,-11.946094715502115,17.476810956642026
1.5797782356291992,-11.955120931884741,17.46782983090292
1.5733732412126828,-11.964595874096268,17.460174019872955
1.586014229797291,-11.97311580095906,17.456858474898986
1.6006531114433877,-11.980264576713092,17.45610349579836
1.5863616818352586,-11.982905089254494,17.454905240279068
1.6011268498725242,-11.98138559800573,17.456009036398633
1.5930506981513446,-11.983915992672557,17.455325003075316
1.592639321354216,-11.978514151710552,17.45583895270362
1.5827827488142046,-11.977860605823809,17.45530407777526
1.5845103465556147,-11.96915742377518,17.458412786677876
1.5891452212491985,-11.97010880318936,17.45828270996592
1.5756121426681036,-11.959124805710744,17.46416860985467
1.6113519432861338,-11.967554491020275,17.461043394724463
1.616899982423054,-11.973221670156345,17.458919028665672
1.6158572526136394,-11.977313094132114,17.457664008575282
1.624025932075454,-11.982477197572589,17.45748696351326
1.6260250692605023,-11.986369787633885,17.45763158165975
1.6337994271726328,-11.986638774315361,17.458185509852044
1.6475426948373189,-11.985911552058532,17.459093656865836
1.6609229591791497,-11.9832554512145,17.460011349036247
1.6624310921947452,-11.984390804860743,17.460096789810468
1.6527945443964542,-11.98684561321512,17.45951969715174
1.654889347748829,-11.988123543949333,17.459793532398145
1.6861768435151296,-11.98697794659529,17.461882443528566
1.683285357535349,-11.980167372473517,17.461855750460607
1.6867992787575328,-11.984831053167582,17.461822694383915
1.6758219439093935,-11.982706863316707,17.46108605857512
1.6931949886865894,-11.982326717313846,17.46234462882272
1.688075949291231,-11.985346780864056,17.46192506026219
1.6885357547993751,-11.979392579118722,17.46234401313769
1.688620917245278,-11.981619662954472,17.462072984480713
1.6946637932606954,-11.982989043500273,17.46241268600236
1.6927084347582404,-11.98177181933308,17.462351613554297
1.6902003893326019,-11.984544103005902,17.462062357139768
1.68715392538579,-11.98157701352844,17.46197224259206
1.6942191444081234,-11.982604126217776,17.46240066222865
1.681374492230823,-11.971694752536715,17.464000731634993
1.7026977152540326,-11.981853755179328,17.463060712388017
1.7347585200285522,-11.9740505827358,17.46699411067684
1.7343735943036136,-11.982553105778063,17.465307460273937
1.737354406870434,-11.975657723154875,17.466695478311706
1.7669101020810178,-11.96651523103239,17.472742519688186
1.7835243577929196,-11.956957116192207,17.48076978519732
1.8006650671246445,-11.947706814445555,17.491208292181803
1.7810860166838376,-11.934639227124864,17.506716909595575
1.8108833367447352,-11.928908679960296,17.51787525845277
1.7918116376432573,-11.92781103332294,17.518208652268555
1.7805697616608798,-11.93561705768574,17.505247113436866
1.7811834290227835,-11.944632303777615,17.493306494509973
1.7957974190567603,-11.951335351546295,17.486957967912968
1.7874412177107282,-11.960324130877853,17.47836290899678
1.7881357045564785,-11.961425819147845,17.477604660275734
1.7857692777831091,-11.964839268443175,17.475146915195023
1.8065967396902836,-11.95180426673498,17.48730802355717
1.7863047599513067,-11.953856195064727,17.483765860021748
1.8157850844529442,-11.961756128314883,17.47947414735347
1.8224518384854294,-11.96957489160588,17.475366732987887
1.835670223704072,-11.970484940889293,17.475970081447162
1.8249407537817008,-11.97603323405143,17.473169070835667
1.839905849215573,-11.9793770902697,17.473601104288797
1.8264145603240451,-11.976507656564939,17.47315846006964
1.8461525226896616,-11.970788956710605,17.476649727111912
1.8486422224016847,-11.980434509250339,17.474123775338043
1.876631125276907,-11.971349339266311,17.47879932376771
1.8331710402830488,-11.968858575101478,17.47653774233363
1.8287369464966454,-11.976043343502099,17.473458252065857
1.844412679127416,-11.967686176991558,17.47800827479499
1.8580925811617621,-11.972583457583099,17.4768530412888
1.8571131942118502,-11.978428576567678,17.47510698233715
1.8540118283592149,-11.985404862680008,17.474292784262545
1.8505974262091314,-11.98507599332603,17.47401934249758
1.8456838996661808,-11.981767828303857,17.473750091918806
1.8461692235432547,-11.974710810072722,17.475191852371562
1.8536809291969967,-11.981661731819623,17.474380813456992
1.8638392929802632,-11.98547506669769,17.47506142174606
1.882787865328135,-11.98538486097241,17.476547287278958
1.8839456558995862,-11.982794452344535,17.476672637426173
1.8878192027192544,-11.982064161808234,17.477027486774013
1.89634426147444,-11.978271208363589,17.478229884061435
1.8985569861554523,-11.977797931432729,17.47850382330637
1.9244375910982472,-11.98387348418357,17.479863416601876
1.9263028466934322,-11.988168362360451,17.480220806591763
1.9236158437933755,-11.981821136430373,17.479907230892177
1.935301650487816,-11.98540754137328,17.480746819435346
1.943102159574626,-11.983093464465346,17.48140052004477
1.9348948513041233,-11.985591226958205,17.48071961799771
1.9362346877180954,-11.98486560846679,17.480811794439475
1.9419699070951884,-11.983195342642722,17.481303934468553
1.9456444644811544,-11.982620039621834,17.48163283322302
1.951832354986107,-11.979415619098582,17.482498168536683
1.952179607425349,-11.983623601351866,17.482120354429824
1.9451162180211377,-11.982312050508337,17.48161020988583
1.9428333136439306,-11.982492694640534,17.48141211744891
1.937899358000139,-11.977507805752104,17.48173261016955
1.9636911725345982,-11.985194512228484,17.483056367661472
1.9659405048773606,-11.98095953149954,17.48344009598686
1.9729306302894822,-11.98365290927701,17.483822635223547
1.977118026283568,-11.985417649471204,17.484167499165565
1.9742094437498583,-11.98319825603627,17.483944512867733
1.9695937185152417,-11.9815814365726,17.483675648125498
1.9637655384140071,-11.972923504863868,17.48520682301874
2.0299823023332264,-11.984578805500643,17.488577308500613
2.030541732704731,-11.983974802452142,17.488630575936185
2.018273179447277,-11.984403730989435,17.48758904393306
2.040108692510983,-11.98151345182676,17.48958796536891
2.055773724860044,-11.98663337411592,17.49084047844974
2.0549580740928626,-11.985367474434899,17.490713501699425
2.068597427287602,-11.98571758271195,17.4918953421215
2.066415513535028,-11.985085492136424,17.491691275533324
2.078435923170762,-11.98454835425364,17.49272492197282
2.0854359677829755,-11.980248305648567,17.493636566460122
2.0874448739783817,-11.984233494051734,17.49350827744427
2.0797310904762685,-11.98455435458571,17.49283701313668
2.080774850186424,-11.982823964839339,17.492978531611463
2.083819868452845,-11.982502462703271,17.493262649917824
2.0790613475861006,-11.983497019794306,17.492798840591714
2.0820234555448383,-11.979555529518986,17.49344461495049
2.0957321569463216,-11.968847146555785,17.49817958168509
2.10082086097216,-11.97357881204924,17.496615857073902
2.084043085661249,-11.945444296782373,17.517042768393523
2.108015260347163,-11.95084744244814,17.51313339850844
2.083119523127096,-11.955193048727235,17.506716367217763
2.0820316837169215,-11.958807014527267,17.50352511503213
2.097114126319064,-11.96446926167468,17.50077653833944
2.1088536668661964,-11.976358172756157,17.496466777846692
2.09613699170295,-11.976245649005289,17.495382509989636
2.0904832980991324,-11.974051869346297,17.495550017044486
2.0943773213285004,-11.970995940349535,17.497062334560468
2.089194864537565,-11.973645830773751,17.495576611587182
2.11398796276422,-11.980437436499637,17.49610683366249
2.1036930108070355,-11.979406593958851,17.495358195333647
2.1149881315603833,-11.980721689541827,17.49615799421487
2.1339035597396996,-11.973703808281574,17.499491081649385
2.1406000928650593,-11.97846653383924,17.498788552324605
2.1574692227994077,-11.983657163195316,17.499698802802502
2.1710753950360213,-11.985610110859856,17.500918936161852
2.195495650179217,-11.977542483950968,17.50392961165348
2.1921404580236397,-11.961451383824462,17.51132979152908
2.1910339577868565,-11.968547308444977,17.50684280775844
2.2038533497601738,-11.975945059140216,17.50509689302393
2.2234207786736064,-11.974210224575366,17.507425045040083
2.254071882276329,-11.961292354620529,17.517174047655
2.237458559751975,-11.969504391499797,17.510640379424203
