-0.51417147484608,-2.874068083707243,8.062649813114737
-0.4980691196536645,-2.8838526692287996,8.045033387829596
-0.48052721335552634,-2.893339803616982,8.028904258527179
-0.466100204680115,-2.9018524345220067,8.016319394440572
-0.44664964559953657,-2.910425895350054,8.00380114348802
-0.42993721081875264,-2.9203480637352914,7.993152662808171
-0.4104491367493756,-2.926338397166692,7.985456139259174
-0.39624951207078996,-2.933383511521388,7.980006917636905
-0.3786027228087187,-2.935508630832192,7.9754030744511955
-0.3590581724047661,-2.9370419702609074,7.970725429366832
-0.34037466614972806,-2.9342981017054997,7.966905906098148
-0.32266479025594896,-2.9360218899045147,7.962998318056249
-0.3046022423915566,-2.94322371282382,7.9594351233760765
-0.2852346746576951,-2.9401206531538637,7.955660086424551
-0.26652933132369083,-2.9421422697976243,7.95249580304152
-0.24984470090130356,-2.9385390562936675,7.949688606656267
-0.23193763359682645,-2.9385589134506893,7.9469609865038
-0.21260992999887104,-2.93916694113752,7.944235780125595
-0.19364297659834856,-2.9396109983813963,7.941798865550171
-0.17409228399861612,-2.9425761741981855,7.939671707620473
-0.15486340039176874,-2.9368719728710144,7.9375882916123235
-0.13621806676266723,-2.9346585655119286,7.936064220270335
-0.11846603730693468,-2.938259778951762,7.934373159236772
-0.10423593435902156,-2.943038049803583,7.933564656147492
-0.08454985461197802,-2.941382193330212,7.932248678538645
-0.06513605992775419,-2.940480841854589,7.931282559609645
-0.04968982933089146,-2.936766900769437,7.930763392987489
-0.03671467994339773,-2.9408555785613153,7.930380353593147
-0.018639963832683938,-2.9407494859723395,7.930057978867929
-0.004724433326628138,-2.938407713894269,7.929921888913125
0.00089331454364575,-2.9378316076146462,7.929929346213024
0.0010228030150755453,-2.938840158488604,7.929910189335464
-0.0009364323969931194,-2.9400513406144477,7.929922836746803
0.0008556748391128292,-2.938482874911281,7.929913815962266
0.005905646153259944,-2.9394787761382783,7.929922739855266
-0.0001896625128575448,-2.939748442214916,7.929915714572639
0.0012918115383944628,-2.9393765935767466,7.929911176150048
-0.001259966404177326,-2.9390595030668214,7.929909756601315
0.003631970460992229,-2.938693274012769,7.92991516756949
0.0017655002255923273,-2.939874179405163,7.9299192397088945
-0.006134511095006097,-2.939271063699855,7.929921832892882
-0.005550253100227643,-2.9394324381230423,7.9299209498828525
0.0020724173844791165,-2.9390977881406455,7.929910642169398
-0.00035376418614767877,-2.939512860106772,7.929912109905175
-0.0009118280117400767,-2.939230736864267,7.929909935909009
0.002066363303456378,-2.938867182643155,7.929911069371165
-0.00145638254471131,-2.939789150063882,7.92991715472616
0.002825215661432515,-2.938614654520063,7.929914349029271
0.004404402573127221,-2.9387810729211217,7.929916399677962
0.002741007222793917,-2.939661686050242,7.92991657750251
0.0027551640174350842,-2.939780243197458,7.929918716928459
0.0019193441071546778,-2.939123905354647,7.9299104882241345
-0.0037402444053442076,-2.9391041264054385,7.929913728518892
-0.0024598529585637945,-2.939274734647481,7.929911827199289
0.00023557659238568947,-2.9392231302824823,7.929909654307602
-0.002207805558573534,-2.9387353983474913,7.9299121459829465
0.0023881713696754688,-2.9386416765255876,7.92991331953781
-0.003610332657117475,-2.939456940237435,7.92991556396715
0.000608209252823066,-2.939000172959643,7.929909407040217
-0.0009145639766939759,-2.939351447822994,7.929910703373615
0.0018028829689136863,-2.939264377027287,7.929910878277617
-0.00009370180312551863,-2.9388308813143547,7.929909913721815
-0.00011397021822639115,-2.9388799240486723,7.929909656523801
-0.0025520176021382986,-2.9396112845395717,7.929915474898989
0.0036717190546914167,-2.93877343280474,7.929914576671363
0.0019494037586263544,-2.939093131732664,7.929910479840217
0.003671228764578623,-2.939079184345904,7.929913540629284
-0.0009265116928146066,-2.9397306036716357,7.92991564857447
0.0014654434262774108,-2.939691158947538,7.929915364815226
-0.000082349651493209,-2.940024471706714,7.929921853051159
-0.00024922902230181036,-2.9385636495612593,7.929912463810105
0.004103854454588068,-2.938710855836983,7.929916162440419
-0.00003654789412401837,-2.939029217173814,7.9299092601295325
0.0048234007158315904,-2.939488226294055,7.929919162046719
-0.0015608268021606682,-2.9392204691795665,7.929910398241688
0.0003459053346886458,-2.939614525102082,7.929913493814778
-0.004503972800448614,-2.9390919187292486,7.929915713266693
0.0036442237626760424,-2.938916620872918,7.929913718129605
0.0034412357886321066,-2.938722984942145,7.92991446598352
0.0020093729812651097,-2.9396135183400505,7.929914722491864
0.004293798166327101,-2.9391162879555517,7.929915159086269
0.004686196192633283,-2.938227498047057,7.929925301068792
0.002243547891266567,-2.939058991225905,7.929910850748865
-0.0011745103681460793,-2.938645954949319,7.929911899628385
0.0007802119711413208,-2.9397965245856934,7.929916820420136
0.0005508509394711975,-2.938740314808677,7.9299106530077434
0.00029717947589225806,-2.9385469200951078,7.929912693867365
0.0018690755986607794,-2.939501285017471,7.929913038997716
0.003019067835993988,-2.939788850871849,7.929919368826134
0.004114675198215914,-2.9394026516540936,7.929916255418844
-0.002603920309338796,-2.9385701537551387,7.929914513414801
0.003205982830841017,-2.9388840487110457,7.929912897595063
-0.0025396066554822802,-2.939925271719697,7.929921453544228
-0.003949132738635021,-2.938547973339449,7.929917605046246
0.0023317634896374466,-2.9388135068584265,7.929911744575055
0.0048475776775739315,-2.9394728841097124,7.929919061330743
0.0007280507171525778,-2.9390206706221247,7.929909434476009
-0.00266155141405769,-2.9387975416798175,7.929912372913327
0.0009943003440275014,-2.939747953605841,7.929916007905055
0.001550580915063542,-2.9391386236832506,7.929910112525601
0.0014561766828409557,-2.9392639350378915,7.929910517030464
-0.0010583408223465859,-2.9391557597345703,7.9299097476684235
-0.0004457365581766544,-2.939389005911074,7.929910818566267
-0.00599606853444137,-2.9387208655662866,7.929922141965626
-0.002237508099060583,-2.939079763002231,7.92991085105518
0.0025562727055511592,-2.9390484456089356,7.929911327264946
0.00006496244808651191,-2.939042407497767,7.929909254904798
-0.003420740801375437,-2.9395216423529233,7.9299158937821055
-0.00032186175230898215,-2.939401040074884,7.929910898136562
-0.0010950868460350514,-2.9390590389049644,7.929909633227686
-0.0018820478394628347,-2.938536710671618,7.929913929819659
0.0027093410864471616,-2.939036683528687,7.929911586572327
0.002688995599746627,-2.938412986905317,7.929917005727951
0.003110736475791705,-2.93932745261351,7.9299133268885775
0.0009948249161242668,-2.939336925877727,7.929910639303056
-0.000055426296312439125,-2.9387528995797068,7.929910454833937
-0.00030439841095365825,-2.9389751697308415,7.9299093627174955
0.0022375193145125335,-2.9384368803142604,7.929915899812308
0.0031953819864428763,-2.9384873658814503,7.929916758598823
0.0024063515430315565,-2.9388125272817014,7.929911863078052
0.00189010469010092,-2.9385243413806927,7.929914111561121
0.0011171509046106753,-2.9395816194778344,7.929913373274594
-0.0017771932622418587,-2.9390319191897323,7.929910260995985
-0.00033889062237002303,-2.9377749677631106,7.929931008837801
-0.007330515282228668,-2.937643680814657,7.929952730261684
0.0014808875368907256,-2.9388489949586836,7.929910504424866
-0.003471502049360503,-2.9389073736174067,7.929913362666719
0.00366667849244542,-2.939334832066674,7.9299145778613855
-0.003502985006198366,-2.939505297921136,7.929915873773693
0.0013658239319919753,-2.938626875602644,7.929912265726713
0.004028768690768551,-2.938882624437105,7.92991479439053
-0.0061566791217774934,-2.9391454565175845,7.929921400890503
-0.0017411681590602584,-2.939074507055342,7.929910220656836
-0.0012723174737767178,-2.939131512471944,7.929909847599035
-0.0017108617513441342,-2.9388336652820035,7.929910824089411
0.0017771717044524058,-2.9394184033549426,7.92991203314504
0.0028438486903905073,-2.9384517103550065,7.929916638131186
-0.0018005428765901221,-2.9392972135287745,7.929911074896204
-0.000007843130733896581,-2.9384431799780613,7.929914206827545
0.0034179518651216434,-2.937888526516039,7.929931000868558
0.002202282508369454,-2.9387992284493554,7.929911652054798
0.0012094942922703132,-2.939553825398911,7.929913059669335
0.0035850431770085497,-2.9383688948955426,7.929919568354332
0.001355228831525813,-2.9395733431121376,7.929913444282292
0.0017329062311909303,-2.938775319471028,7.929911234872911
-0.004970971534494389,-2.9394481761567333,7.929919177452772
-0.0015905771590770078,-2.939307697599292,7.929910918525682
0.006524457402992915,-2.9387136747920923,7.929924307418597
0.0022428135457447877,-2.9398748615058174,7.9299198619611335
-0.001908097488340069,-2.938804234352432,7.929911234493465
-0.004387365542352279,-2.93928520859918,7.92991608095574
0.0012279668450354748,-2.9396767601766656,7.929914919192335
-0.003512862611096432,-2.9383132654777766,7.929920459452076
-0.000615534672979345,-2.9388302157190664,7.929910035205232
0.0008048253925516406,-2.9390593526605553,7.929909458164762
-0.0032969816797413726,-2.9386610542703457,7.929914753111406
0.006365055523347031,-2.9387856546719595,7.929923072435118
-0.0030113837635145383,-2.939630998072684,7.929916585148442
0.008855040406342517,-2.939168925650887,7.929934327525416
-0.0040040954970755474,-2.939510429254737,7.929917130314099
0.0024848991772159143,-2.938491760736801,7.92991541082251
-0.0050929769268260195,-2.9389817345142406,7.929917556900788
-0.0000024048821070099535,-2.9395766409253743,7.9299129071706815
-0.00018479462945841796,-2.9387322191963947,7.929910635831437
-0.0006196175096557345,-2.9388621290237684,7.9299098607272835
0.0032113324920646047,-2.9382490021619057,7.929921134974439
-0.0011492529464886395,-2.9385432547843124,7.929913134891997
0.002380781017709443,-2.9389819719386328,7.9299111196526955
-0.0022532799164765383,-2.939099465932235,7.92991089261908
0.0012960516894235398,-2.9389348742459007,7.929909972220921
-0.00006964280270047984,-2.9388555705687067,7.929909774317252
-0.0048526039998979175,-2.9388553423318116,7.929917251988169
0.0034004324651322458,-2.9391548333503343,7.929913060984363
-0.0024149333825335705,-2.9389513858640606,7.929911242279607
0.0002697196113876201,-2.9386640218505673,7.929911293030546
-0.0014166107983329202,-2.938586688179061,7.9299127882703
-0.004731359677389344,-2.938746038330723,7.929917618742055
0.0007711901795118248,-2.9393264401308303,7.929910436017062
0.0017060928209683994,-2.9384856867557434,7.929914465357495
-0.004793206576723686,-2.939939816766423,7.929927040575464
0.002025779434479693,-2.939363909934186,7.929911841954446
-0.006438425569795152,-2.938556709226691,7.929925701285731
-0.005451322237495414,-2.938913595690396,7.929918948838491
0.002018532468937257,-2.9389591257437173,7.92991066397885
-0.0034381137113087684,-2.9392258312623056,7.929913402201429
-0.001100527094677171,-2.9392457833234262,7.9299101307192785
-0.0036102275340818674,-2.9391407960420515,7.9299134926354675
-0.00498373530805119,-2.9388471470819826,7.929917705743758
0.002050409547518859,-2.9390887128701477,7.92991060369188
-0.0013925012992695774,-2.9384222237044058,7.929915168710435
-0.001755185218062332,-2.9396969007235065,7.929915759314817
0.004465473694726744,-2.9386303233215627,7.929917967398591
0.0033994984370655503,-2.9395067084301307,7.929915664047677
-0.0019844385469333144,-2.939565263213594,7.92991400004
0.0022179255844093056,-2.938306408710782,7.929918237733167
-0.006192295325454404,-2.938931989751295,7.929921624540835
-0.0034759785048664414,-2.939858265917287,7.929921739687046
0.0011904877214691727,-2.939052599915308,7.929909702030123
-0.0012483239523135917,-2.9385863639297938,7.929912649859629
-0.001196278224233617,-2.9383630234492055,7.929916047760873
0.0012595209013669876,-2.939191199929924,7.929910009334055
-0.004392419550567947,-2.9386140564037535,7.9299179486037765
-0.00033421198604636614,-2.939393706121487,7.92991083335847
0.0013517268793656612,-2.9384301687055316,7.929915000621472
-0.0011455954588019172,-2.9389933994016655,7.929909716517857
-0.00009421872207903055,-2.93918748589233,7.929909494968637
-0.003584088615607552,-2.9391788990190295,7.9299135411396815
0.00599013952538363,-2.9394229070283515,7.929922466359738
0.0047299765050410406,-2.93897638762603,7.92991643520288
0.005512357607949444,-2.9387404675362676,7.92992020553697
-0.0006223874934949787,-2.939084029456139,7.929909387598697
0.0004012594558297775,-2.939715111316186,7.92991515004997
-0.0013385510863737089,-2.9394918385823297,7.929912386962391
-0.0038432809105143767,-2.9387451317673596,7.929915207783193
-0.004497339404188178,-2.938990064573013,7.9299157279699735
0.003739579862449236,-2.938930214538709,7.929913894650973
-0.0005922856973484981,-2.9385810434678614,7.929912332843989
0.00039909540209910984,-2.9394604907720394,7.929911514821558
0.0018284699460490714,-2.9389773128437855,7.929910390556891
-0.0012325510196388584,-2.938787496797745,7.929910675471888
-0.004020174238830887,-2.939198589217854,7.929914665156023
0.003040771521627822,-2.9390105028753215,7.929912212480076
0.0021532401791772926,-2.9394606243562933,7.929912937663593
0.0026108833518809762,-2.9401482801861176,7.92992743556837
0.008501141939777801,-2.9392192518478306,7.9299325656749975
-0.002129515353590331,-2.9396206857939293,7.929914988271749
-0.002704021413810632,-2.939114710213621,7.929911623984008
-0.0034947883849964353,-2.9381521465024023,7.929923934557992
0.0026212125411256343,-2.9386297269514805,7.929913823155784
-0.0010787296108902306,-2.9399428154388483,7.929920188864557
-0.000709745739586732,-2.9396153829875447,7.9299136286133525
-0.0024464478041046176,-2.9390778159303634,7.929911160491262
0.0015725622023454989,-2.939142975660511,7.929910144479377
-0.002932879733853123,-2.939021043775142,7.9299119972693095
-0.00446585077792414,-2.938903688283176,7.929915883524211
0.004575965725816706,-2.9389834221801765,7.929915966308242
0.0036824412667191713,-2.9391714761313095,7.929913743945873
0.0015871114423497699,-2.939047302554832,7.92991005232089
0.000884175885002979,-2.9393372090347154,7.9299105754371055
0.0001669902401044153,-2.93848322764738,7.929913586908933
0.0002595355850643598,-2.93811448236695,7.92992099694434
0.008203534067142674,-2.9387426332710356,7.929931910168442
0.002277339126448997,-2.9378222375526137,7.929931045583615
0.002193250516429462,-2.939974141528369,7.929922104471018
-0.0015824947250076453,-2.9384878198034174,7.92991430409881
0.00013077444629735558,-2.9391294826776764,7.92990933484179
-0.0006343117426150361,-2.938988070948985,7.929909436420784
0.0030909354262984474,-2.9384125789161817,7.9299177506058935
-0.004515475358348422,-2.9389272351423323,7.929915938514526
0.0031684352457522526,-2.9399888109415815,7.9299241280804935
0.0038028860744088074,-2.9394814881030515,7.929916289653352
0.0023646245081908185,-2.9393853370240004,7.929912498006205
-0.0005262128519826458,-2.9384935405547776,7.929913510983448
0.00035056631313628694,-2.938668501861398,7.929911262794224
-0.0019076765142382011,-2.9389556905999825,7.929910534544792
-0.0026632447168231832,-2.9391664807219104,7.929911674980751
0.0019330052379517928,-2.939474508359567,7.929912805495892
0.007064430182799616,-2.9392648661369507,7.929925694462769
-0.002140040146187029,-2.939313702522782,7.9299116105853695
0.0032939643785356663,-2.9393601505132443,7.929913952906366
-0.0060026984196157075,-2.93968904981623,7.9299260853448885
0.003986938197631308,-2.9397569530899688,7.929920907967254
0.0014346772897987745,-2.939039833555003,7.9299099079904405
-0.0019272693875246553,-2.9388495677639783,7.929910984441554
-0.000007066659163764387,-2.9393731922842616,7.929910617156191
-0.001804854965303174,-2.9387914424552637,7.929911199797537
0.00031268024817100986,-2.939019112843094,7.929909298592124
-0.006375397546216927,-2.939064663613686,7.929922160165178
-0.0029482081090100925,-2.939399224689701,7.9299136079961965
0.0015356165030970354,-2.9397406960162384,7.929916308622904
-0.0002566213766113743,-2.9395004326896794,7.929911940659352
-0.0017282097321004496,-2.939173348618211,7.929910392550889
0.004346993460785516,-2.939074483974842,7.9299152582230885
0.006242822529748001,-2.9390332010085745,7.929921632804415
-0.0007735663093627314,-2.9390759844030305,7.929909448877762
0.00016489468747741772,-2.9386528770113416,7.929911395715701
0.00003875647904343202,-2.938949183849623,7.929909396861033
0.0015582798863760313,-2.938702095460618,7.929911665799644
0.002219319550786086,-2.938708076390909,7.929912403412445
0.0024636160954832217,-2.939418750323826,7.929912960737553
-0.0006059443042614378,-2.9384747161157483,7.9299138247426235
-0.004970840136520646,-2.938813068319583,7.929917867706896
-0.00028150589205332794,-2.939471346850047,7.929911608995637
0.002229140398558148,-2.939947383282712,7.929921505617752
-0.0011242149118334873,-2.939559016532736,7.929913066231359
-0.0018911008490250332,-2.9395328388246766,7.929913455988798
0.0002117407345212179,-2.938636277655611,7.929911581934089
-0.007491466035135173,-2.9384574438864424,7.929931803922347
-0.00036762635689237006,-2.9386365457205157,7.929911607643296
0.005833889043424197,-2.9382793836714756,7.929928032771285
0.0020043794740921927,-2.938790306556044,7.929911449107669
-0.00023449516389527272,-2.9402559975301905,7.929928600961816
0.0017995221586897142,-2.938804643114569,7.929911103941869
-0.0017285610828549499,-2.938794373644056,7.92991109385596
-0.002110739918425762,-2.9388686619442943,7.929911120930777
-0.0026350225578063062,-2.93888466449455,7.929911835754961
0.0021370245655997766,-2.9393574232957382,7.929911935777433
-0.001975296828895889,-2.938756178822374,7.929911666912936
0.0009164704079738923,-2.938205589430878,7.9299190792097285
0.005149895281065173,-2.9387287577381414,7.929919077598617
0.0023748072609304552,-2.9388565631490255,7.929911558551536
0.0012848310451953776,-2.938366669011308,7.929916050794041
0.00030221864581099836,-2.938978915333288,7.929909354687293
-0.0007673768466339341,-2.9394460052927083,7.929911496552057
0.0029153387364930575,-2.9395133030926868,7.929914773829852
-0.001003031369764441,-2.9382408019783965,7.929918354889001
0.00016902945470056562,-2.938606376724789,7.929911920597725
-0.0008033894514665836,-2.9399467931361927,7.929920119190401
0.0008633113140239491,-2.938269346065359,7.929917666246359
0.0027634637756272333,-2.9395938587933834,7.929915576087323
0.002627947942819364,-2.9395452188351245,7.929914673651178
0.006457619473803706,-2.939548355115117,7.929925760959996
0.0000157438172026644,-2.938746674016589,7.929910504255778
-0.0013119119848125508,-2.939424356408422,7.929911635338373
0.005279769916087307,-2.938387943520216,7.929923998401165
0.0012702854559755988,-2.939057649127213,7.9299097646306596
-0.0018057161499746973,-2.9383572275377863,7.929916735758201
-0.003536012177355671,-2.9387325973482854,7.929914592660966
-0.003366599953733467,-2.9392080823704654,7.929913170233158
0.0021594236954114512,-2.938624938100116,7.929913176308391
-0.0055256066797302,-2.9391627152962663,7.929919106312877
-0.0014615387748927698,-2.938978830201091,7.929910004167496
-0.005069476729258977,-2.9388187189842627,7.929918146460118
-0.0019404496159405337,-2.939171293098485,7.929910633258071
0.0007039968413299991,-2.9395557090221027,7.929912777823519
0.0016490001790224686,-2.937863709244417,7.929928928931746
0.002919164153281517,-2.938913551573647,7.92991221822423
0.00027971666539079645,-2.939286114885477,7.929909999828794
0.0027324236929415833,-2.939484728882095,7.929914105865805
0.0008932239515706073,-2.9386130239954276,7.929912086433255
0.0008426560391671138,-2.939115499521146,7.929909529071331
0.0010114126862025934,-2.9394945156411327,7.929912174341377
0.0015542776021174268,-2.9393773767305595,7.929911420079437
-0.0030668655969203337,-2.93926936101169,7.929912861002162
0.00015353972557923977,-2.9389977965154745,7.929909300499052
-0.0003093179943972152,-2.939136521674233,7.929909374755923
-0.0022064870549366694,-2.938986672826583,7.9299108571193795
0.0014846430998294727,-2.939411447613972,7.929911663074877
0.0010257397941312867,-2.939162781618076,7.929909745942149
-0.00020167946815498848,-2.939131726222119,7.929909346952847
-0.0030012461799197717,-2.9392226358852414,7.929912494429633
-0.0017738765222021266,-2.9385994773940247,7.929912993627278
0.004246690694708295,-2.939613320678479,7.929919162844209
0.00427905243122942,-2.938908555544919,7.929915345680813
-0.0026136884093285423,-2.938834224103491,7.929912060722749
-0.0031240685447119993,-2.9399067140137842,7.929922076243205
0.0005970616359262841,-2.9400150959147204,7.929921721711231
0.001095912200398663,-2.938160296604044,7.929920241817619
-0.002200682160910299,-2.938922661677941,7.929911017258428
0.002283112918957988,-2.938963217176504,7.929911015348344
-0.0015100757265464277,-2.9392293608980324,7.929910389461936
-0.00228300586109989,-2.9392507950333018,7.929911427122626
0.0066005684761329675,-2.9397166268341315,7.929928955647078
0.002639621305279353,-2.9394726512744165,7.92991381044598
-0.0027478131745011427,-2.939304538930308,7.9299124912361325
-0.0006557818432339347,-2.9393670895136963,7.929910702072446
-0.00011040320154287583,-2.939447883896071,7.929911333210114
0.00062530631199471,-2.938834171097267,7.929910015760299
0.002760580237954774,-2.939080484479207,7.929911681717755
0.0013457760703749141,-2.9397348156850853,7.929916027448858
-0.002197178867645643,-2.9383992518973607,7.929916478887279
0.0031158811366184735,-2.939182405970066,7.929912557001019
0.0020040721097028934,-2.9377367606083933,7.929933564347866
0.0031039072130805935,-2.9398063180502576,7.929919881118318
-0.001039868467487476,-2.9399545009853387,7.929920442470866
-0.002100710563827387,-2.9394572961726295,7.929912830681637
-0.003664298017975024,-2.938535797919619,7.929917082012
-0.0027226462471299684,-2.939517196079257,7.929914476946342
0.0020009148144162383,-2.939084524523939,7.929910536299895
-0.0001499756146223167,-2.938653954262852,7.92991138275552
0.004618391916155734,-2.938980394315447,7.929916095947073
0.006364489335101017,-2.939018842282246,7.929922130396525
0.002475966808851728,-2.9394247704581424,7.929913039308921
0.0017283731489441483,-2.93842159794877,7.929915512169821
-0.0004845039406792136,-2.938940145466483,7.929909497089012
0.001357479677535513,-2.9394812670839086,7.929912280887903
-0.003078941092826507,-2.9390377973252972,7.929912265423489
0.004026493490673521,-2.9387849967950093,7.929915359582692
-0.006475784296635619,-2.9390133424080043,7.929922589668696
0.00487501440104089,-2.939281615957159,7.929917492998973
0.00003484939690671148,-2.9394542749505552,7.929911397590022
-0.000958451414480887,-2.9398584722913865,7.92991820057769
-0.0022827890794725044,-2.9388627526769477,7.929911390514638
0.0031891069281845463,-2.937979848743423,7.92992780587757
0.002437752957921393,-2.938990194064106,7.929911192094078
0.0027714266721158396,-2.9391721381945604,7.9299118791615655
-0.0007758093508892592,-2.9388243538048187,7.929910141313204
-0.0024234170373530024,-2.9389959675259956,7.929911160696193
0.0006467338488436404,-2.9384387351200054,7.929914412072991
0.0030961244157514636,-2.939400251971099,7.929913901342289
-0.0015862690238282913,-2.9399586277781125,7.92992099757973
0.0037731432751751605,-2.9391482123104,7.9299138926002435
0.0068812782363965284,-2.9396638647187574,7.929929259563703
-0.0011891067633406152,-2.9395343439839854,7.9299127888423975
-0.0033276171144098875,-2.9393734014639707,7.92991413448901
0.0018874507513827745,-2.9391673520533446,7.929910556646902
-0.0005198771180585859,-2.937676905216657,7.929934513080724
0.003419004213064826,-2.939451265139513,7.9299150762803485
0.0008937532617709701,-2.9389911932475012,7.929909557013687
0.0024970759195274772,-2.938806204262663,7.92991204544192
0.0003450747695750659,-2.9391517969081256,7.929909419205391
0.0011636058264411157,-2.939014426108923,7.929909702054198
0.0014578599040395682,-2.938974514023874,7.929910009570541
0.007375743666198021,-2.9383245308580883,7.929933600140817
0.006099173217080452,-2.9382063537929284,7.929930612353726
0.003481192761100746,-2.938122141715147,7.929924635090538
0.0018276178441009587,-2.9390190182998857,7.929910328285054
-0.001759791509248399,-2.9387298460374667,7.929911628876264
0.0006812430615536041,-2.938691458480906,7.929911142979176
-0.0005049966927618616,-2.939238795440186,7.929909791905441
-0.002610256683547132,-2.938798766571571,7.929912278710454
0.0000980074680409504,-2.939499651908417,7.929911913489267
-0.004017304205335759,-2.9391456472314976,7.929914490167777
-0.00015464021824308522,-2.9397085248539305,7.929914990652829
0.0009839615994132233,-2.9389616881404153,7.929909671226946
0.0002099562832153512,-2.9395930587500416,7.929913154221959
-0.0018494088063017357,-2.9382983722118743,7.929917922091645
-0.0013285918440670598,-2.9389213902829296,7.929910044312251
-0.00034880031831570736,-2.938856295370505,7.929909807602179
0.002108352798968471,-2.939425995799255,7.929912516440403
0.0052420499105936946,-2.9380722525436513,7.9299307825673075
0.000653768319170839,-2.9391138022788885,7.929909436542639
0.00048636324238023835,-2.939094514034231,7.929909349770986
-0.0016939369868487946,-2.9395418825978497,7.929913348482144
0.0041753368848002625,-2.9389904502523216,7.929914840532312
0.0012976389890535845,-2.9386127496487546,7.929912371053279
-0.0024739459017292494,-2.9406504486012355,7.929945313818148
-0.0015970053640195067,-2.9395585716888393,7.929913468660699
-0.0033605519263074633,-2.9392723862407815,7.9299134778936295
0.003236391323152847,-2.9393929152377036,7.929914116135642
0.0022305805911309188,-2.938736188090415,7.9299121714081515
-0.0018952600867488314,-2.939661289239311,7.929915326321392
-0.0024978949478828244,-2.9395445610839026,7.929914453387459
-0.005388759067282162,-2.9392307396209887,7.929918892023906
-0.0023617394431494996,-2.9386637080367737,7.929913044677178
-0.0029323149146512975,-2.9392999892961322,7.9299127937556175
-0.002085396901238792,-2.93995243907907,7.92992142996717
0.002544166117440827,-2.9386322274874055,7.929913668643849
-0.00414575568167501,-2.9392556711775337,7.929915255323081
0.000013822794426150004,-2.938717647977182,7.929910752454495
-0.0024351032590494387,-2.939443856230946,7.9299131696903835
0.0025280317128635117,-2.939711650656545,7.929917066631987
-0.0020060879690573445,-2.939185075885625,7.929910761414842
-0.00591534359380611,-2.939472800591038,7.929922708881534
-0.0020090428250842613,-2.9386838999460543,7.929912351057002
-0.0032237106491812394,-2.939534919166481,7.929915646531766
-0.000032157332170836515,-2.9396232132148086,7.929913587399222
0.0016985151497646348,-2.939258025640165,7.929910727023913
-0.004376394611317747,-2.9390226273029203,7.9299153463403815
0.004057399390730926,-2.9386825188365853,7.929916311166382
0.0029526657098903437,-2.93984984520358,7.929920491625742
0.001863526406232186,-2.9391417565266695,7.929910459037366
-0.00002402138197802727,-2.939313597090086,7.929910155968727
-0.0021188666275703235,-2.9385566534986816,7.929913961860546
0.00075236391276113,-2.9387713328655902,7.929910490683444
-0.0037036849977449397,-2.938644831557768,7.9299158303148936
0.003509834758005955,-2.9384463734971455,7.929918067975727
-0.00048152797855444997,-2.9385016485676267,7.929913376788512
-0.00259194978978493,-2.9388812274346225,7.92991177986049
-0.0003399485512637413,-2.9389035667455854,7.929909587341463
0.004753757501020946,-2.9390465340623733,7.929916428395785
0.004803366281557747,-2.938458404110289,7.929921291194132
-0.0033244658727199653,-2.9394817808177423,7.929915210462669
-0.005464334588032298,-2.9399452876253154,7.929929355652252
0.000462197279557504,-2.939708557641144,7.929915051448718
-0.00039587701670833653,-2.939136900189343,7.92990939498009
-0.0009271999797784609,-2.9387880417215744,7.929910462180922
-0.0013314489251934807,-2.9393576470017537,7.929911050486229
-0.0009347365936265197,-2.938320392395846,7.929916677534656
0.0005495609017088208,-2.938804870669275,7.929910169949906
-0.001971854665316723,-2.9391899758367903,7.929910735717126
0.00455236893147222,-2.938900729513272,7.9299161432163725
0.001944196210242726,-2.938480706668935,7.929914816966587
-0.001619422654621385,-2.9389430323126833,7.929910246748712
-0.0009897985029966457,-2.938365365825604,7.929915861450045
0.0008393713086842676,-2.9388670312753056,7.929909937899502
0.003949542031623341,-2.9387711471109754,7.929915266214447
0.00002234928775570605,-2.938471996458258,7.929913750244877
-0.00502485644305133,-2.939350331071775,7.929918445356925
0.0026379156089387018,-2.9394637113949393,7.92991370858209
-0.0007933611352928811,-2.938875987972143,7.929909870667032
0.005066811854485339,-2.9395942717371613,7.929921307612581
0.001701696203090167,-2.9389971102215453,7.929910213575022
-0.0016349019855261679,-2.9397714930097676,7.92991698686842
-0.00020736031234272739,-2.939555804703861,7.929912635420331
0.0054451937670818625,-2.9390742024546594,7.929918672755768
0.002577627329155719,-2.9392280987673542,7.929911769120061
0.0010192244802600797,-2.939554768735553,7.92991293766751
0.0020592606766148573,-2.9393018760322693,7.929911422583585
0.0011100118514149552,-2.938601194464146,7.929912364862034
-0.0036936882976443403,-2.9386077885027144,7.929916227954468
0.003933816456701524,-2.9385642209649188,7.929917351661487
-0.0008031960763038026,-2.9390549508389188,7.9299094568784945
-0.0012457824707963394,-2.9395876749139376,7.929913555690558
0.00009338592644772656,-2.9386675145034773,7.929911236660512
0.0057407110393977836,-2.938962745147301,7.929919826352936
0.0022069626091978625,-2.938640628883159,7.929913066574077
-0.0049734065774829014,-2.9390468702977617,7.929917106775585
-0.000008467987645499088,-2.9395384406321776,7.929912392823331
0.0017266022833063383,-2.9391038963710985,7.92991023275459
-0.0020597560750321374,-2.9386285136337484,7.929913002147337
0.0031861810130066337,-2.938986534629958,7.929912535021643
0.003838001142721542,-2.9395643125171866,7.929917413157089
0.003287690759170717,-2.9392392979166564,7.929913145350879
0.001139975625555879,-2.9389359568571765,7.929909848083987
-0.00036824608920150406,-2.9387623009318578,7.929910422891114
-0.0005019695009105722,-2.939329705249993,7.929910351132387
0.002305218067485758,-2.938874518799139,7.929911365302971
0.0012648133561014316,-2.938835885282615,7.929910389656012
-0.0005066426773556391,-2.93911603454967,7.929909386001134
-0.003601627219468437,-2.938973815063955,7.92991345530306
0.001712471016216942,-2.93851802793798,7.929913997707107
0.0017937154113314233,-2.9402353647886867,7.9299289461744635
0.0006082749692722343,-2.9390168623463344,7.9299093871537085
-0.006444228424225084,-2.9389706819108783,7.9299225301363165
0.00010198131669304604,-2.9387670609192087,7.929910346541472
-0.0001047341385857082,-2.9402604563883603,7.92992873078048
-0.004712333662901155,-2.9393337414274088,7.929917351430445
0.0015582217695190694,-2.9379665917647166,7.929925726481645
0.003248989798594185,-2.9390480251307696,7.929912604271641
-0.0035067920363508974,-2.9388371306867436,7.929913779782073
0.0001843786798416758,-2.938552734404812,7.9299125987073324
0.0014722787402569437,-2.939256640083632,7.929910491719303
-0.003951431352179578,-2.9393259716266864,7.929915201097964
0.004131126010324725,-2.938917543077851,7.9299149170033285
0.0030712718958965626,-2.940182200174323,7.929929274888954
-0.0042913531558588965,-2.939182079453031,7.929915320503163
0.00017111223656676028,-2.940246717224373,7.929928295246803
0.00547679628478355,-2.9392066203779637,7.929919089446409
-0.0008958617551253073,-2.9398243074957375,7.929917444102683
-0.0020414875354618656,-2.93888087663102,7.929910971513584
0.00021759769646442686,-2.938664714635825,7.929911277790088
0.0032729905727318606,-2.9398853489570413,7.929921897344922
-0.0026316132559441843,-2.939198103859099,7.9299117305777145
0.00297322986414648,-2.938927321869424,7.929912270628451
0.003460355179849932,-2.940178840535237,7.929929980100457
-0.0009490352030844321,-2.939676010934645,7.929914713959414
-0.006296721496619367,-2.939594303655913,7.9299257448497915
0.0020236469013615623,-2.9389947780943566,7.92991059799775
-0.000800775701645844,-2.939143348846128,7.929909563762072
-0.005676167812198483,-2.938790575764151,7.929920403331774
0.0037210154579951538,-2.9390575395012366,7.929913648833473
-0.0035958647774533264,-2.9387928120954983,7.929914262113012
0.003315386206377215,-2.9394948412827304,7.929915342983062
0.004586086252238519,-2.940000099928593,7.929927901335702
-0.0017443748423830504,-2.9382134945178495,7.929919601686418
0.001138455797918058,-2.9390606356482114,7.9299096642652955
-0.00006596788764008134,-2.9388434999901887,7.929909839676263
0.002227672892622568,-2.9392588094505565,7.929911390955022
0.005938949056435295,-2.9384239252447233,7.9299257275587856
-0.002387400413863443,-2.9390674176300027,7.929911064506321
0.004178443718701519,-2.9389673244790258,7.929914894685346
-0.002658208226785146,-2.9394135550176808,7.9299132268489565
0.0039790658000855815,-2.939446020491895,7.929916336367727
0.0035915556969120274,-2.9401234649494374,7.9299286473447275
-0.003953577103093348,-2.938192760429819,7.929924069098789
0.0011543709412216328,-2.939727319041275,7.929915739790653
-0.004424941269680939,-2.9392724711285054,7.929916109478535
-0.0009047915739939429,-2.939969224354726,7.929920716770685
0.001293454794213094,-2.938725629036789,7.929911213241908
0.001974162985570647,-2.9396711869817316,7.929915585292342
-0.0036949278321117976,-2.939143578205266,7.929913695693518
-0.00097916013095536,-2.9390441390872084,7.929909557545011
-0.0007387652155012704,-2.9386972118727943,7.929911113931279
-0.003752214703708968,-2.9383241957053623,7.9299207982729545
-0.0007270757341758228,-2.938347374519807,7.929916051666311
0.0034579913411288644,-2.9394543629605403,7.929915194432809
-0.0020067378785462,-2.938449407571469,7.929915385332114
-0.0017448198492639579,-2.938669200206649,7.929912183504058
0.0017870267922989206,-2.9383886695047923,7.9299161454314735
-0.0016662316466682478,-2.9391000244044783,7.929910162691355
-0.0008272199123167321,-2.939479625881658,7.929911894394207
-0.003703057332895778,-2.939840765902781,7.929921884747822
0.002847606411669322,-2.939134784296629,7.9299119153267945
-0.00007334638619803597,-2.938329343516388,7.929916228300158
0.0029050237149930666,-2.9394232215359892,7.929913756968524
0.0013107137917540142,-2.939491757971709,7.929912362605762
-0.0027771129854955606,-2.9395667376672003,7.929915218430898
0.0019463595072738017,-2.93864498195705,7.92991267524045
0.0023205245542339166,-2.938931484804498,7.929911159641728
0.006860579687636265,-2.9389054713607856,7.929924489849702
0.0024386918940580574,-2.939523337753499,7.929914088242471
0.004540870818309405,-2.9392633650661537,7.929916387379581
-0.0011181274126284635,-2.939500218499461,7.929912314099148
-0.0024771059397608844,-2.939272283639302,7.929911839845252
0.000636094582732687,-2.9387064617942182,7.929910982537965
0.008548230188898663,-2.9389126515225596,7.929932720192319
0.0036122160614467363,-2.938773816558542,7.929914436167982
-0.0012533850362525193,-2.9384585908544345,7.929914458799324
-0.004637462005484929,-2.9391576354275553,7.9299162258228115
0.0015205507306381271,-2.939246093628472,7.929910481863333
0.0034712832840158745,-2.9387346874200833,7.929914430817089
0.0007147458754479096,-2.9394779484742415,7.92991182028069
0.00014445484383023837,-2.939168250565426,7.9299094348606936
0.003281257241032939,-2.9391002471884806,7.929912700138763
0.0006927608069962968,-2.939197790164044,7.929909682830948
-0.002658503190614362,-2.9397996685793717,7.929918933206535
-0.003584342338144858,-2.93931809187402,7.9299142663204645
0.0015141770150511667,-2.939623744590217,7.9299143229919675
0.002079557350370954,-2.938765350955082,7.92991172971303
0.0013467584969475074,-2.9388016804866584,7.929910671287189
0.0006199592282063473,-2.937998571516955,7.929924167578747
0.004121219005901287,-2.939102655125325,7.9299146775632945
-0.0011659238161519955,-2.938173316139737,7.929919985333399
-0.00013903446728371488,-2.9389597669756133,7.929909374656619
-0.0009375782380812654,-2.9392781981057574,7.92991020574795
0.002821318332571458,-2.9391671333997595,7.929911952234834
0.0020736446673981063,-2.939728109000725,7.929916695989103
0.0002558217337354236,-2.9383439622772944,7.9299159687538925
0.0021670593949965353,-2.939880085315098,7.929919871005165
0.007492530120070946,-2.93772750656587,7.929950450006164
-0.0006057386496105084,-2.9391347948205744,7.92990945708851
0.001114140099380087,-2.939175884169535,7.92990984655721
-0.003088241121731776,-2.9381701804441485,7.929922656692252
0.00237820152891792,-2.9391234897985203,7.9299111135944464
-0.004015716034919102,-2.9393680023634885,7.92991569301679
0.004073563201818537,-2.9391528518823984,7.9299146531199
-0.001732969977893013,-2.93918958873256,7.929910453297509
-0.0009880470973440292,-2.9390946792578405,7.929909584827071
0.0024237391538917243,-2.9396680223569356,7.929916160840696
0.002728439792990607,-2.9386314428784037,7.92991398603052
0.0026567192538640622,-2.9387246816139747,7.929912931772924
0.005054200938902718,-2.9385077416105276,7.92992132780045
0.0020864693890324947,-2.939836966106676,7.929918834174753
0.0013864900590851124,-2.939057184665006,7.929909862612568
-0.0011928948061541503,-2.939110098609243,7.929909746875676
0.0022980333468876,-2.9385595751833247,7.929914174700402
0.002100032828748148,-2.9392375334305765,7.929911104970058
-0.00294081781292342,-2.9391835927846923,7.929912224439612
0.0022640827065332947,-2.9396655759052455,7.92991588316176
0.0008572125341742454,-2.9394934515003195,7.929912070344789
0.0016144918417557298,-2.9392249153228556,7.929910472436708
-0.002847815521527159,-2.9385911367228337,7.929914671730412
-0.0008245755452663483,-2.9396488231024787,7.929914201516118
-0.0030127210402862013,-2.938500711002861,7.929916199809101
-0.000656277397647577,-2.9392476552468807,7.929909892576179
-0.006938676310237575,-2.9381863949820484,7.929934544114937
0.0028146981634198844,-2.9388964332453993,7.9299120956660705
-0.005196551608387459,-2.938896143827596,7.9299181564610315
0.0028203226043841956,-2.9384751148056325,7.929916228451837
-0.0031543503375724737,-2.939285106915058,7.9299131278614485
0.002201645420864147,-2.9396017562341963,7.929914805390178
-0.0008806471247226784,-2.9386194121325477,7.929912005022443
0.002356779482215565,-2.9389248527237304,7.929911235607323
-0.0009081459254958514,-2.9384994992264635,7.929913596705989
0.0028286689892410453,-2.9386374109843834,7.929914096374143
0.00390336787560947,-2.9392653750348923,7.929914689491811
-0.0021593999024481355,-2.9396634511277164,7.929915701475439
-0.0006026249495335698,-2.9393217428284784,7.92991032855012
-0.0029550785385073,-2.9389209867804396,7.929912258263265
-0.006367522368673313,-2.9392645796854135,7.929922720745676
0.0018137448956257818,-2.939344206356918,7.929911425345663
-0.0024432711000555037,-2.939127317979009,7.9299112205716185
-0.001793370649684298,-2.9396848326292906,7.929915596785159
0.0027540251659228625,-2.9385987549950454,7.929914411906379
-0.0014420525566675542,-2.9386689854483206,7.9299118792582775
0.0003339659585616711,-2.938931561845829,7.929909484822218
0.004931050464510841,-2.938516684393407,7.929920808430101
0.0016435844288206812,-2.9387472180952403,7.929911357651399
-0.0014989411574789164,-2.938960208194339,7.929910080904563
0.0022397550125605585,-2.9386042280774647,7.929913530418618
-0.0006689314008691189,-2.9389365270943464,7.929909575724253
0.001469337833113891,-2.9396604170114817,7.929914857249905
0.0017683621845207332,-2.938112950189979,7.929922007228168
-0.0009939036890865144,-2.9406453542225144,7.929943467608151
-0.004650996357668268,-2.9389583393582224,7.929916241311965
-0.0002953660115600403,-2.9392536597442893,7.929909815140558
0.0007756583252920928,-2.9390428390959356,7.929909444488345
0.0020100896875373244,-2.9383561883168374,7.929917002727432
-0.0021532283164561565,-2.9386237505986434,7.9299131813831085
-0.003167604906484562,-2.9385143658635284,7.929916305520898
-0.003382336737122464,-2.9394082783488633,7.9299145652001375
0.00041690716519944115,-2.9390304138511496,7.92990931414932
-0.004697987784165966,-2.939209723214161,7.929916586211492
0.0018616373674011947,-2.9397359132324423,7.929916572668846
0.0025590208661741736,-2.9396807682537553,7.929916586283706
0.003251388242933822,-2.9391103212186214,7.929912652134407
0.0009605950838885427,-2.9392699859920035,7.929910171244325
-0.001116998360958028,-2.9392964218393978,7.929910436571149
0.003268647007644099,-2.9393960146233518,7.929914210968892
0.00041475602891288387,-2.9383990786480796,7.9299150031167756
0.0009245842252857207,-2.9387227578554382,7.929910978563267
-0.0038588884426281637,-2.939091259674177,7.929913999592676
-0.0003658545529470628,-2.9395718561136244,7.9299128830946195
-0.00401300689904027,-2.9391018758760845,7.929914397050839
-0.0003162160189823099,-2.938508525863298,7.929913234576809
0.002238818637560975,-2.938259143263575,7.929919235757
-0.002985790702514429,-2.9401295008021484,7.929927556103825
0.0006389179336837641,-2.938809225312442,7.929910175114431
0.0003840892924926384,-2.939344431408689,7.929910429483675
0.004086632211692552,-2.939367920982194,7.92991587475888
-0.00646919302176692,-2.9397052311268714,7.929928210451731
0.0008600427280179377,-2.938930389175665,7.9299096881140425
0.001639749458990912,-2.9391474132263182,7.929910223884688
-0.004851459390483875,-2.9387022737786253,7.929918367977839
0.006099071404896597,-2.938066223571085,7.929934028036222
0.004048151124734353,-2.939771811221734,7.929921346375766
0.0024291169340721463,-2.93868118149462,7.929912970002592
-0.0031056168302894442,-2.938323066646707,7.929919411646372
0.0007401919388211461,-2.9394633886730377,7.929911669807302
-0.000994964363053521,-2.939011198389352,7.929909589942408
0.0003960033226757442,-2.9390875077061436,7.929909317405327
0.0036475372174753938,-2.9395583857339886,7.929916880151707
0.00027624176349482854,-2.939052461416003,7.929909276230148
-0.0025437307823450175,-2.9392200075881636,7.929911677152395
-0.0015505032264628317,-2.9397150320001026,7.929915860673795
0.0014672207203692887,-2.9399632040201764,7.929920993254342
-0.0012121526780539064,-2.9389457050082353,7.929909872782364
0.004287511135917077,-2.939464080899496,7.929917339509354
0.001171318416017959,-2.939102223846138,7.929909719575765
0.006509106718003669,-2.9387290212442245,7.929924108127997
-0.00044628749368720317,-2.938281990007971,7.929917231320022
-0.0050301120500081085,-2.9390286097047,7.929917294533768
-0.000049599276390006365,-2.939296941654765,7.929910044587226
0.001962138682138095,-2.938970331894242,7.929910566241453
-0.0016065640794114076,-2.9386904378328556,7.929911825156905
0.0020245660655199686,-2.9389664543746123,7.929910654047546
0.003229095889255325,-2.9392506254604167,7.9299130820125345
-0.00012596191838391618,-2.9389874852029685,7.9299093147159425
0.002654141862876634,-2.9394278977508734,7.929913360640409
-0.0017127277539112468,-2.939583377984826,7.929913933171054
-0.005483449273742815,-2.938683977264453,7.929920617884417
-0.0007295163650997776,-2.938583826927942,7.929912355571357
-0.006774024977348825,-2.9397770978836424,7.929930812276327
-0.000715141252148976,-2.9388448636839244,7.929909993111632
0.0011792814172803556,-2.9387262043729505,7.929911118564638
0.005420525250956336,-2.9394075699476607,7.929920254741116
-0.0001532846805640366,-2.9389609360625117,7.92990937308417
-0.0011055898619816507,-2.9395601801015516,7.929913068778458
0.0033320104330777324,-2.9387033027736553,7.929914409331442
0.004646123666316191,-2.9389286223729223,7.9299163139745925
0.0002926376019603701,-2.938439969427426,7.929914286259189
0.0005579140153712721,-2.939305696373348,7.92991020057052
-0.0011243766103871972,-2.9385452104639342,7.929913090432153
-0.0049899690644816365,-2.938569009071224,7.929920283076747
0.0006610757415182085,-2.9398510956787582,7.92991788968199
0.000999001134186904,-2.9391614469583227,7.929909724878289
-0.00019255871186040809,-2.938494035420016,7.929913427443148
0.0013329352647996652,-2.9395349466288545,7.929912911745253
-0.00023844502633445447,-2.9400526799494484,7.9299226122504365
-0.002307761230040421,-2.9397340269200587,7.9299171287618595
0.0005877781775779209,-2.9393950729770673,7.929910920025375
-0.005752846302930347,-2.938995018410505,7.92991980649024
-0.0014554666774348238,-2.940202146992096,7.92992756142127
-0.0036997392610647597,-2.9389612415526147,7.929913711540648
-0.0012709236959927593,-2.9390669742203404,7.929909767389553
0.001166910203173676,-2.939494849166376,7.929912285806321
0.006362856056075463,-2.938923993031503,7.929922331305603
-0.0006505515985191675,-2.9396643073298128,7.9299143695428
-0.001076133619062683,-2.9388259001053028,7.929910308543748
0.0029944874742067543,-2.938800350795509,7.929912951907442
0.0011855044029652267,-2.9394443124276677,7.929911738081872
-0.0007742880703882184,-2.938646818376155,7.929911642562141
-0.0009033567458391991,-2.9391382404766135,7.929909607347781
0.0030526008689775266,-2.939825320728132,7.929920168077139
0.005079100113361993,-2.9392257611081094,7.92991783961036
0.002859884537756362,-2.9396070381766277,7.929915940784788
0.0068241974222473,-2.939389549759225,7.9299255455660145
-0.0008622298529372416,-2.939124164213435,7.929909555043507
-0.001185893742367705,-2.940053165929866,7.929923053550336
0.0019234308903104758,-2.938211731438068,7.929919849715983
0.0038932715356349147,-2.939422098898803,7.929915878866014
0.004490171179640959,-2.9395360985398375,7.9299187631193675
-0.0015529286162928547,-2.938817329697785,7.929910759520373
-0.00039741806918763226,-2.9395200404734436,7.929912209109016
0.004305614531040111,-2.938393518829261,7.929920934122711
0.0002492065075784117,-2.9390251986822196,7.929909282218379
-0.004642832418903789,-2.93872078463436,7.929917570388762
0.0008237735251895285,-2.9392024197382938,7.929909764046085
0.0011375882546416616,-2.938940120060005,7.92990983357158
-0.00028884032741196934,-2.9388932446460325,7.929909619731081
0.00300408533308647,-2.9400458220834924,7.929925275788872
-0.0026328705181368492,-2.939245367208504,7.929911945000679
-0.006861980049870988,-2.938307038645734,7.929931619805711
-0.002136321794241746,-2.939564383977567,7.929914186720062
0.002115141185931782,-2.9390787594136865,7.9299106812358335
0.0009104393958113295,-2.938514762357817,7.9299133762017355
-0.003237429880537172,-2.9389135427191007,7.929912840492353
0.0011840861570089267,-2.9383446826087396,7.929916379741915
0.002251341717783283,-2.9390705330949363,7.929910865398178
-0.0007964525558055236,-2.9389659732068045,7.929909554999135
-0.0009859949513339294,-2.939075508408723,7.9299095672809905
0.0007155853696166679,-2.939273284270902,7.9299100600645485
-0.0039274094998837305,-2.9386919721658433,7.9299158893649135
-0.0031557055655867653,-2.9389223866909835,7.929912642674378
0.00038528653560198413,-2.9378522625286223,7.929928475472323
-0.003599528754130086,-2.9395169860054833,7.929916234317398
0.00021639014827079615,-2.939094682033183,7.929909289712596
0.0004603247274643882,-2.938677210772885,7.929911202849139
0.001214551080483864,-2.9391779896617027,7.929909927744756
0.0015793052478692633,-2.939111452782536,7.929910089090519
-0.0019457831047476133,-2.938930878664842,7.92991065391735
-0.0024029276776128313,-2.939428120425446,7.929912959538138
-0.0033354650274851224,-2.937752280796422,7.929935283962063
0.0035244412603787282,-2.938713584474763,7.929914733928076
-0.0008945816126652855,-2.9385798131441794,7.929912491086382
-0.00029220347292729324,-2.9385696050431673,7.929912394060093
-0.001986282323487183,-2.9386959265288985,7.929912205808636
0.0020477992808445485,-2.938866550088869,7.929911048258862
0.0008466113312169108,-2.938709046600861,7.9299110578864855
0.0029665092984213623,-2.939207658467358,7.929912363963879
0.004277639265637765,-2.9386504346528186,7.9299172246855765
-0.004379290244542143,-2.9384439019486406,7.929920286674555
-0.0023485025530681817,-2.938462634247272,7.929915647918275
-0.0018191669299268036,-2.9395621581212716,7.929913758155216
-0.0006287024496123986,-2.9388914212584587,7.929909726578339
0.0007452808739616663,-2.939298419090929,7.929910229793423
-0.0001508021540940612,-2.93904554286507,7.929909260008568
0.006729697457048962,-2.9389772310131326,7.929923710468437
0.00043413112638510196,-2.938813914319044,7.92991007513827
-0.0012252049660310942,-2.939110290783001,7.929909771975561
-0.002837228700518687,-2.9379270981624814,7.929928673283616
-0.0031772076920606987,-2.939128000834035,7.929912531744099
-0.0018464661319740907,-2.939141827246649,7.929910439107051
-0.0009374451381155141,-2.939028125649793,7.929909539477837
-0.0003315213206224926,-2.939528634110475,7.929912301942169
-0.010245170423295428,-2.9387735189404434,7.929943628782846
-0.006303071049042125,-2.9385611706692822,7.929925094798406
-0.0017803723784164394,-2.938501658411706,7.9299143097719345
0.0046465985453686826,-2.939569604233848,7.929919663693225
-0.00039750331081458024,-2.9391436272906235,7.929909410993929
0.001381317337509166,-2.9382759069022817,7.92991789940525
0.004970961126964461,-2.938273767549554,7.929925187026798
0.001745279342867355,-2.93943605744048,7.9299121736804885
0.0010940046259201273,-2.9387514692870993,7.929910845426509
0.004220435374881993,-2.9398238756088633,7.929922834356461
0.0030923163029364454,-2.938448330708789,7.9299171608663315
0.00013705012388519518,-2.938277716597086,7.929917261906345
0.0005303481011650669,-2.9387295144028123,7.929910737536851
-0.003891276032663961,-2.9390426049684266,7.929914061694426
-0.00062424677889802,-2.938821356121925,7.92991009232578
-0.0019605987984687885,-2.939477862012582,7.92991287746435
0.000927595742978076,-2.938965479829358,7.929909627947779
-0.0011251753102988799,-2.939596871994445,7.929913597294407
0.003659835048019807,-2.9395314493635762,7.929916555130225
0.002748151042032908,-2.9390758546162488,7.92991165690918
0.0005974102509207235,-2.9393864376866348,7.92991084587562
0.0020872008125296937,-2.938996954537006,7.929910677628277
-0.0012883650325239493,-2.938249489439195,7.929918375912916
0.005622955248691064,-2.9394415499433033,7.929921301056643
0.0030331078055313935,-2.939780260068374,7.929919227936093
0.0027969646616838083,-2.939893141249204,7.929921154321246
0.0022731613414361286,-2.939369942960339,7.929912230090515
0.0017734004347584355,-2.9385579688777312,7.929913517418468
0.0016719208913854467,-2.9390618691383956,7.929910140589779
0.002268772220704626,-2.939073643095335,7.929910891973362
-0.003425109891686667,-2.9397984617552813,7.92992038953615
-0.0013600905565545754,-2.9386009537731392,7.9299125639514365
0.0008848319621755883,-2.938471183551019,7.929914011346714
-0.003993898283224632,-2.9388645774498676,7.929914791987631
0.004119328169617723,-2.9383477864205,7.929921266096626
0.00645705461036406,-2.9389778927317916,7.929922567456352
0.0019953453517518142,-2.9390954407327903,7.929910539909107
-0.0006442667497322759,-2.9399837208306514,7.929920946521669
-0.0028816709993407926,-2.9382180326688196,7.9299211719343905
0.006408442440442661,-2.9397031893907206,7.9299279266209375
-0.001952789982315233,-2.939307759958329,7.929911326443634
0.00434852259233586,-2.9388566314522273,7.929915772294045
-0.005597053815145125,-2.9388856512867014,7.929919574679715
-0.0007570489170030557,-2.9387840398727083,7.929910399655592
0.0005407911306246327,-2.939023087876859,7.929909357003833
-0.0003790464345366561,-2.938751111326283,7.929910513835727
-0.004647872888017525,-2.9388938252301986,7.9299164509650595
0.0014255729271098175,-2.93928768632236,7.929910630027097
-0.0003061826969497699,-2.9393975543207587,7.929910862819996
0.005397130441851835,-2.939319414491775,7.929919445006659
0.0017947734799235266,-2.93878367427039,7.929911243256214
0.008648685184307317,-2.9380693802749835,7.929945890720493
0.0036846209829672375,-2.9383441482973383,7.929920256955684
0.0026503987703471593,-2.9401708288630566,7.929928168913413
-0.0010330360475928374,-2.9398911953950395,7.9299189663187395
0.0034990310901775175,-2.9387432398134936,7.929914420637429
0.003828411872964274,-2.938783685648823,7.92991487485356
-0.004432236768771041,-2.9380943722743633,7.929927723468666
0.0024673163262195104,-2.939381230846057,7.929912619384137
0.0027511519007383995,-2.939076905981647,7.929911662795714
0.002280579057987701,-2.9393684341153223,7.9299122280957555
0.00033150309231124494,-2.939218869735497,7.9299096525191715
0.005844985137227845,-2.939108489146466,7.929920140634685
-0.00043862897669904276,-2.9392514185351417,7.929909836614678
-0.0016055318969302658,-2.9384021236165525,7.929915714392099
0.0039599984837695185,-2.9396558087109685,7.929919075497422
0.0009400485013610843,-2.939179463542542,7.929909744881531
-0.00012694510165609744,-2.9398803372774367,7.929918391080257
-0.003068936672061759,-2.9393741739844064,7.929913615758991
0.002240043552592319,-2.939038311510822,7.929910848325248
-0.0009953089570627397,-2.9393813477386814,7.9299110021708135
-0.002711075143888671,-2.9391818746924496,7.929911806219174
-0.001557654442731369,-2.938803374071149,7.929910854499381
0.003211088122334253,-2.9387091098632756,7.92991410437352
0.0018491023569367046,-2.938504689950505,7.92991434462477
0.002685641332063746,-2.938503024238171,7.929915573873881
0.0013141863071358915,-2.9388809740543462,7.929910196024116
-0.0014063870022074168,-2.9385518896696254,7.929913227390042
0.004753337297588509,-2.9394683273742075,7.9299187233345485
0.003132535894401293,-2.9395473902928737,7.929915624992262
-0.00141890072962277,-2.938715979652489,7.929911406737471
-0.005057145599275906,-2.9395835352852107,7.929921123014735
0.0006402120576239336,-2.9392188634979637,7.929909747738076
-0.005162832525093187,-2.9388282441254803,7.92991839147388
-0.00482587883947425,-2.9389809517935017,7.929916717122012
0.003736180856358182,-2.938965240435219,7.929913787985786
0.0014306709403171356,-2.9389602740202196,7.929910017229291
-0.0007811282924377215,-2.93897053475027,7.929909536985587
-0.002695323072839607,-2.939438758292245,7.92991354073963
0.0037591002462431,-2.939314488191167,7.929914648490621
0.002149197510443549,-2.9389631555741746,7.929910827012229
0.002958728561643432,-2.938460752703259,7.929916706209736
0.0036203024745918018,-2.938856500037955,7.9299139301211365
-0.000036048856563944886,-2.939047316818042,7.9299092528761985
0.00014882392017162913,-2.9390958282165327,7.929909283160006
0.0033066288521512556,-2.9392853300436497,7.929913441621876
0.00003585636150083959,-2.9392909558187337,7.929910005779201
0.003239022463094364,-2.9385055779269993,7.929916577917055
0.00008672487689174221,-2.939157544374476,7.929909399324725
0.00009297341573975392,-2.939261525517805,7.929909833057129
0.0028566768369636627,-2.938595901741656,7.929914629464561
0.001372816383372912,-2.938575864071036,7.929912885462446
-0.0056357567710802765,-2.9391432634089236,7.92991944505059
-0.0036642401921563655,-2.9397172496863737,7.929919398914247
0.004981645345687786,-2.939364661292648,7.929918424355991
0.004035913427360276,-2.9397982579982007,7.929921832047569
-0.0006997175444849639,-2.9394717801199395,7.929911744111774
-0.004002298617269924,-2.938959927833649,7.929914454786566
0.0012110676104202063,-2.938024863170004,7.929923783889617
-0.003850917350500904,-2.938982937685224,7.92991402702933
0.001033470646943817,-2.9388978529465484,7.929909913045412
-0.004836110817268573,-2.9386322128772835,7.929919041099499
0.00165613460354499,-2.9388633109396425,7.929910603820916
0.002668495543766686,-2.939405361984401,7.9299131663695075
0.00241805302677668,-2.9394577626278724,7.929913290973554
-0.0005259811435826928,-2.9386795630748486,7.929911199935415
-0.0040934948762879585,-2.938114670154183,7.929926294147153
-0.003103129537776193,-2.938588207089352,7.929915190448433
0.001867405439261267,-2.938767967803879,7.929911443806704
-0.005377364968881091,-2.9392151868553,7.92991878275005
-0.001103388811461708,-2.939082162687565,7.929909649699223
0.0022938605234957424,-2.938919335608381,7.929911161976133
0.00009579941863185979,-2.938160687137871,7.929919853931066
-0.0014080673246645251,-2.9387293411558595,7.9299112793689
-0.00351774343987935,-2.9389472384541397,7.929913331405629
-0.0004535439983011109,-2.9382314517186123,7.929918303785014
-0.005157199769746594,-2.9388640470290657,7.929918175304319
-0.0009447411517613455,-2.9382465658383543,7.929918194752119
0.0053144898125901,-2.939726856013304,7.9299242740022535
-0.004312775642611169,-2.9391782322828757,7.929915366021351
-0.0004663923918270397,-2.9389366496866667,7.9299095023219905
0.002493060389533557,-2.9392740951851106,7.929911875648337
-0.0021670365380124083,-2.9389177304646097,7.929910988082488
-0.0011951692216099134,-2.938543153509973,7.929913170457251
-0.001662646012846463,-2.939779840558777,7.929917177039121
-0.0012586096511223248,-2.9387412200239584,7.9299110521933525
-0.0007487435196527175,-2.938393144663433,7.9299152302844345
-0.0012336258706637554,-2.938459817571575,7.929914423800362
0.0011327728885225127,-2.938422209811407,7.9299149606120505
-0.0010513793211431137,-2.9382521124510195,7.9299181438075
0.0020368294673971006,-2.939579497447713,7.929914264226763
-0.0034528749808669917,-2.9392780969594705,7.929913711421051
-0.0005440165335313311,-2.938518296347475,7.9299131564482686
-0.0010475047468208602,-2.938889311137619,7.929909958666627
-0.0029914017580450407,-2.938302634125585,7.92991959280884
-0.0013464192464017204,-2.938545864811177,7.929913255840436
-0.002991447395179503,-2.939060103967796,7.929912094168719
-0.0023670784593560626,-2.939202183228928,7.929911326694292
0.0003038609097710918,-2.9397364518581997,7.929915511679141
-0.0050292999157682886,-2.9391595004242945,7.929917433759922
-0.004988578509073787,-2.939202335940218,7.929917449886602
-0.0006882450031117432,-2.938662537075589,7.9299114357829374
0.003330388984177179,-2.938609938547025,7.9299153920360705
0.002471344685181893,-2.9386828342010367,7.929913019384744
-0.000492902640253388,-2.9386493662488746,7.929911501830958
0.0031107379985041094,-2.9389307166286844,7.929912525049124
0.0003029161039739027,-2.939321023689127,7.9299102372375465
0.003153501974884338,-2.9388812124356725,7.929912804507801
0.0023337001400067577,-2.939122685114863,7.929911045516231
-0.0016453961492516925,-2.939099137487365,7.929910139687321
-0.002806588520761661,-2.9389337342302415,7.929911943789062
-0.003881803841795855,-2.939308771754159,7.929914906774446
0.003161082270089454,-2.9382446256000643,7.929921127105866
0.0030192414601332607,-2.939538547014827,7.9299152881171935
0.002352903240825898,-2.9399160989280886,7.929920950911617
0.001654655144084161,-2.9389525702083574,7.929910256566229
-0.0002054981468246227,-2.9386048198631123,7.929911943488953
0.0025992367230354904,-2.9397386594093495,7.929917667315459
0.0031711886031552316,-2.939002930938741,7.9299124791455515
0.0003575483686289842,-2.9389779109810568,7.929909368283301
0.0030343635706230167,-2.9391823765100074,7.929912397711183
-0.0025913609704003573,-2.9388537799101417,7.929911914769331
-0.007810578085482204,-2.9389506972953767,7.929928764551754
0.0027387092099524202,-2.938741166901319,7.929912931605996
-0.000011887657456183384,-2.9396432611160077,7.92991389765962
-0.0035513875121251587,-2.939185777863032,7.929913490714785
-0.001556884010788137,-2.938859161355077,7.929910523782965
0.000238293237052774,-2.939115185192796,7.929909321114604
0.0011470880871637815,-2.9388863175595277,7.929910041266458
0.0030741053377277314,-2.939635902026213,7.929916782299568
-0.0006076516327449032,-2.93922045461136,7.929909741898406
-0.0016848937189207318,-2.9399930858961407,7.929921949988305
-0.00033596259774648575,-2.9389292307407695,7.929909492880233
0.003824613722972488,-2.9390329214092445,7.929913902391618
-0.003721429281868125,-2.9394957973528753,7.929916261354512
